id,coverage,coverage_bin
575d24d81d,0.0,0
75efad62c1,0.9933339868640328,10
34e51dba6a,0.14920105871973335,2
4875705fb0,0.04283893735908245,1
782ae9b7e7,0.2253700617586511,3
9842f69f8d,0.0,0
aa94cfb806,0.6658170767571807,7
28f865caaa,0.0,0
b5e1371b3b,0.7409077541417508,8
57e394bc67,0.0,0
b45ad3932e,0.2836976766983629,3
ef51bbcde7,0.0,0
302ea1ac81,0.5250465640623468,6
40dcff68b3,0.6202333104597588,7
3da729cae9,0.12616410155867072,2
d67e3a11d8,0.0,0
b3396387a6,0.5258308009018724,6
a5471f53d8,0.006764042740907754,1
d27831fef2,0.22870306832663465,3
7faea04242,0.7527693363395745,8
9747413253,0.0,0
b9614348f4,0.5095578864817175,6
4696bb53e6,0.21899813743750607,3
fc250f574c,0.06920890108812862,1
005b452274,0.0,0
02117a400e,0.23781982158611897,3
4e4cadf03f,0.0,0
1ee0d5b4d0,0.6671894912263504,7
fdc28cafdc,0.07518870698951083,1
2bc8a3db3c,0.2666405254386825,3
35fd991255,0.5654347612979119,6
68a2df3195,0.4433879031467503,5
3be0c0be8e,0.0,0
1f0b16aa13,0.0,0
9bf982cf65,0.9599058915792571,10
36aa21019e,0.7891383197725713,8
d422a9eb8f,0.0,0
e0b6a1211f,0.0,0
5e3c2aa2bb,0.0,0
d3f3db7bd1,0.0,0
0b176124c4,0.05352416429761788,1
368f635c4c,0.0,0
eabe9337a9,0.9460837172826192,10
c4f2799234,0.1114596608175669,2
50290e75f9,0.03283991765513185,1
06289f69f8,0.4901480247034605,5
3f8634704b,0.0,0
f328eccbf3,0.04940692089010881,1
9f0ebbd210,0.6764042740907754,7
dd5a90cf89,0.5523968238407999,6
6c3a9009c8,0.0,0
1263576548,0.7154200568571709,8
5edb37f5a8,0.0,0
3f8a8f4715,0.030095088716792468,1
75e041fbd8,0.9420645034800509,10
58777a8c79,0.4420154886775806,5
b2899a1188,0.0,0
428a877104,0.0,0
13209940d7,0.4940692089010881,5
d0319f0ec5,0.8153122242917361,9
b92ff69b44,0.0,0
728890d8f8,0.034702480149005,1
754cfc4b80,0.0,0
127ef4105f,0.6752279188314871,7
42758bb41a,0.1447897264974022,2
4e6855dbae,0.9065777864915204,10
4a12baccc4,0.0,0
3281bb7282,0.6000392118419763,7
f1774ff8e8,0.981864523085972,10
628ea36ba6,0.0,0
95a60e2f42,0.04274090775414175,1
e2421eee13,0.39084403489853936,4
fcb49356a5,0.0,0
63feb8de2b,0.0,0
992572448c,0.134986766003333,2
0926b7396b,0.0,0
8f407b64ae,0.0,0
e667f4d290,0.0,0
28553d5d42,0.0396039603960396,1
be565e046b,0.0,0
b183b2ddc4,0.1907656112145868,2
cf11876547,0.0,0
495a2d3c7c,0.9314773061464562,10
a536f382ec,0.0,0
8fb68e99e8,0.0,0
a8247ac73a,0.0,0
9f3b8d0186,0.23742770316635625,3
05be75afd9,0.03460445054406431,1
3ed6d1c7df,0.14057445348495246,2
7977cbab6f,0.0,0
b221ece24b,0.7771787079698069,8
29d8bf3a4c,0.0,0
400e66f34e,0.05891579256935595,1
4b522e501e,0.7724732869326537,8
7fadb8efe8,0.5730810704832859,6
702209f0b3,0.0,0
1d93614392,0.4811293010489168,5
fd1be18f7d,0.34780903832957555,4
670d9655d5,0.7781590040192138,8
c72b546073,0.2579158905989609,3
6a1783be17,0.12616410155867072,2
b4f6d6f1aa,0.6646407214978923,7
9ca84742ef,0.3388883442799725,4
f057258486,0.0,0
393048bc6c,0.0,0
684555a30a,0.0,0
525be73de5,0.0,0
5c7f310937,0.9710812665424958,10
edf47afe46,0.0,0
a05ae39815,0.0,0
97515a958d,0.0,0
0898e36ee6,0.0,0
89a74723fd,0.0,0
9a48617407,0.0,0
d26e890704,0.7962944809332418,8
1cad8c327b,0.0,0
db548fd037,0.0,0
cd1b2e49f4,0.06666013135967062,1
1e4c96a9cd,0.0,0
f712d8b870,0.0136261150867562,1
47aba1e35c,0.26742476227820805,3
51e82eaa5b,0.0,0
535503063e,0.2849720615625919,3
1ab49f29e9,0.0,0
8320911258,0.8888344279972552,9
99909324ed,0.0,0
87d58438cc,0.0,0
9d462381b0,0.0,0
ab18a0a7fa,0.8118811881188119,9
40a571cf0f,0.9279482403685914,10
a076699b79,0.4297617880599941,5
f45dbe6541,0.3423193804528968,4
a9e940dccd,0.0,0
3de0c773e1,0.4667189491226351,5
9fbd3ca3b5,0.0,0
340fe814a3,0.4702480149005,5
f65a52f375,0.0,0
e6674212ce,0.0,0
e030bdae65,0.27379668659935297,3
da082ec985,0.9998039407901186,10
737e6513c8,0.0068620723458484465,1
ef29bdffc6,0.0,0
7e9e46174c,0.5127928634447603,6
a774562f5e,0.0,0
e92f67b3c7,0.4066268012939908,5
b506085af9,0.7019900009802961,8
948d73d7c2,0.0,0
ef654c1b73,0.0,0
cddb50fb4b,0.2550730320556808,3
2a070f3dc6,0.9532398784432898,10
40d01e18a0,0.0,0
62966dffd3,0.0,0
54dd074cd7,0.16635623958435447,2
75d70e2411,0.0,0
eab589e1f2,0.0,0
9dcb043fa9,0.3719243211449858,4
2f5377ea9d,0.5683756494461327,6
db32e0961b,0.034016272914420165,1
3634f29aac,0.2367414959317714,3
c2e9f328e3,0.945593569257916,10
676d100540,0.0,0
a21afccc50,0.0,0
7d8b219e1c,0.6523870208803059,7
057eae4f34,0.7026762082148809,8
3116a9d54c,0.0,0
1c02222ef8,0.3054602489951965,4
24a8ae9bb9,0.9995098519752964,10
132e30cffd,0.17419860797960984,2
dca83468d2,0.2651700813645721,3
6c91546a57,0.0,0
5d752d6d4a,0.0,0
836eedd4a7,0.0,0
36e68393b6,0.2581119498088423,3
697f80cece,0.0,0
53dab98a36,0.6007254190765611,7
287aea3a3b,0.0,0
34d2af0f86,0.0,0
d3b6c08868,0.0,0
b80db32c01,0.0,0
62d6a9b673,0.0,0
96f8fd0d4b,0.0,0
045c5516a2,0.29722576218017843,3
51846d4c96,0.0,0
0429d9759b,0.5380845015194589,6
d8b2dc2e8a,0.304676012155671,4
8d141a0b7a,0.11910597000294088,2
fd0d237b01,0.10920497990393101,2
71d3bf0ea8,0.09322615429859818,1
3edc3edf92,0.024997549259876482,1
86c1109730,0.12224291736104305,2
4702cdd4f0,0.03930987158121753,1
baa743f4b4,0.1189099107930595,2
ac412e6d55,0.24340750906773845,3
6493c2cbab,0.0,0
d538594e14,0.0,0
a86acaf330,0.0,0
4b2af55ae6,0.6769924517204196,7
8c1d0929a2,0.0,0
d629a56d3c,0.0,0
c450f9d7f4,0.04646603274188805,1
40d96e8022,0.8531516517988432,9
5ef096aeac,0.4581903734927949,5
83bb4578eb,0.7398294284874032,8
57e0cff707,0.11185177923732967,2
96049af037,0.0,0
4d33311a1e,0.0,0
de1142326e,0.0,0
8daa7e48d1,0.05911185177923733,1
7504d73df8,0.5927850210763651,6
34b32c5b5d,0.0,0
960f92cf81,0.0,0
78f17697f2,0.9987256151357711,10
0df375dc9c,0.0,0
0fea4b5049,0.3593765317125772,4
8c477d6abf,0.6290559749044211,7
3cc59342bd,0.08381531222429174,1
726a0d854d,0.0,0
216aa6275d,0.6251347907067935,7
8ddaea54ce,0.934418194294677,10
f342603c76,0.0,0
f456e3161d,0.17498284481913534,2
86fe531971,0.0,0
71438f26ec,0.4276051367512989,5
d800abe6a4,0.90226448387413,10
51b639314d,0.0,0
a7b918d80e,0.1202823252622292,2
a93c251217,0.0,0
c613a090a4,0.2779139300068621,3
d765e53b37,0.6715027938437408,7
c9da9c3d42,0.6303303597686502,7
dfc8a378b7,0.4635820017645329,5
e5a22d144d,0.0,0
f4e6928ad4,0.016174884815214195,1
9385125b12,0.0,0
c901f669f8,0.056268993235957264,1
89dfb7ba1d,0.6000392118419763,7
6b996daecc,0.35516125870012744,4
13037dfbb2,0.010195078913831977,1
b74ecdfe20,0.11077345358298206,2
eabed5b2b4,0.0,0
e2f397d206,0.1609646113126164,2
75c554378e,0.0,0
e446b0b4b6,0.12939907852171356,2
203f6117be,0.7346338594255465,8
7e737a6cc6,0.09018723654543673,1
1efe1909ed,0.0,0
1825fadf99,0.0,0
106a222c7c,0.06773845701401822,1
691dc0bc42,0.7013037937457112,8
cc4344175e,0.05499460837172826,1
19e749d0b1,0.0,0
e875c9a960,0.8230565630820508,9
d7cf3bf4e9,0.8055092637976669,9
5aa0015d15,0.0,0
ee5e9e4570,0.5658268797176748,6
d7398cfded,0.28791294971081266,3
9d173ec22a,0.11057739437310067,2
8c88cf3d22,0.0,0
fba91bfec8,0.0,0
82e88d973f,0.0,0
c1c54ad4ba,0.0,0
395e668f22,0.0,0
4848a3a509,0.0,0
d9fb5b47e2,0.21086168022742868,3
4985566e7d,0.0,0
a554d2d4a3,0.0,0
a4e8ba21d1,0.7407116949318694,8
401b591c07,0.0,0
79fed5a697,0.0,0
9736389261,0.0,0
2717821409,0.7863934908342319,8
ccd6841e90,0.0,0
8e13060816,0.0,0
24f27c4087,0.03930987158121753,1
a9df598e16,0.0,0
5a3c38104c,0.3359474561317518,4
a0ea88f6a5,0.0,0
299ba3cf34,0.4875992549750025,5
82c340f4e5,0.7979609842172336,8
36f9ab3ee0,0.821390059798059,9
483372b203,0.9966669934320164,10
0249c49180,0.01744926967944319,1
56ac5605d2,0.0,0
99817a653e,0.0,0
cdc7d77e77,0.2428193314380943,3
86866ba71d,0.2736986569944123,3
d7a53f942a,0.0,0
690b1ce5f7,0.7798255073032055,8
3f22f2ef0e,0.0,0
6ddd6a2ec1,0.3775120086266052,4
59ceec4f7c,0.4881874326046466,5
a3e0a0c779,0.0,0
66e922c8d6,0.0,0
17d70fee5c,0.5599451034212332,6
5e95137d5f,0.0,0
de95e861ac,0.0,0
2f20c083c2,0.0,0
c593c662f1,0.0,0
cc6abe337d,0.0,0
104ce199d8,0.06499362807567885,1
03eed26d3e,0.0,0
0aab0afa9c,0.050093128124693666,1
99d3fbf9f1,0.5013233996666994,6
af71ca4ab3,0.25595529850014703,3
0cf9c803b8,0.015096559160866581,1
ecdd648857,0.512890893049701,6
7aef9898fa,0.5842564454465249,6
05be526826,0.9504950495049505,10
4a5dd4ab45,0.0,0
0eacc93ff3,0.4786785609253994,5
ea3cdbd7cd,0.10195078913831976,2
811ebdcc4b,0.04244681893931968,1
aa36cc5b96,0.0,0
1bf062bda2,0.3064405450446035,4
2d20ee4eff,0.09812763454563278,1
1804a4c064,0.8334477012057642,9
16e308dbc3,0.8507989412802667,9
2fa330e8fd,0.0,0
5bbcd70d2f,0.0,0
3fd0ef2d38,0.02636996372904617,1
cef624f327,0.0,0
12bf4f2d3b,0.0,0
e437c3912d,0.5869032447799235,6
8a02b4a1b7,0.0,0
f170afca54,0.0,0
20894faad9,0.0,0
2af3c055b2,0.1103813351632193,2
27a240a570,0.0,0
2e69b6eb16,0.0,0
c67832ba86,0.0,0
253ee294d9,0.0,0
73a2f6fb22,0.2918341339084404,3
ca6bdbc405,0.0,0
026b509cd4,0.0,0
9a672bfb51,0.9902950691108716,10
99bf605daa,0.8307028722674248,9
d31e3fbfdc,0.0,0
9ad32f3c66,0.7095382805607293,8
9ade7d33f2,0.0,0
930a21d485,0.0,0
eb958a5cc8,0.0,0
055ec918b9,0.5087736496421921,6
3c9931bca2,0.0780315655327909,1
173dd2f369,0.0,0
d45b4f3b85,0.3305558278600137,4
335474f8ec,0.5331830212724242,6
f7e555a0aa,0.3346730712675228,4
638d8572e9,0.9216743456523872,10
20b26a6ea7,0.0,0
268d39db25,0.8339378492304677,9
3e1c11cfa8,0.5037741397902167,6
cf706fb35a,0.7810018625624938,8
6d1afa9d46,0.0,0
e98557c9f3,0.4848544260366631,5
e8757626a1,0.0,0
2ae425e5a3,0.6799333398686404,7
211fc910da,0.0,0
df56e7aaad,0.0,0
687dd94fee,0.0,0
ac90c088ee,0.0,0
8b09c914be,0.0,0
d17f801011,0.0,0
9ce55dc2c9,0.16321929222625234,2
bfb0e22b53,0.3765317125771983,4
58135d5189,0.0,0
8a58fe70f8,0.0,0
4bd876a71c,0.0,0
bab30e51b8,0.0,0
8db5bf9be2,0.2346828742280169,3
1439570aec,0.0,0
246d86ba32,0.9879423585922948,10
9790f7880b,0.6721890010783257,7
d99612d949,0.0,0
35bbf1302b,0.005881776296441525,1
81491224d7,0.0,0
ce1f9711bc,0.0,0
502b97b954,0.0,0
fd51e63c83,0.2595823938829527,3
6ea5191e2a,0.13096755220076464,2
f9a3d103d7,0.6750318596216057,7
ea9dfe6f60,0.10126458190373493,2
0280db420c,0.8043329085383786,9
c5caa57f2f,0.0,0
2af008d773,0.6003333006567984,7
8bc707feee,0.6993432016468973,7
3ed6168b22,0.556514067248309,6
27870bb184,0.15331830212724246,2
437fbb64d4,0.0,0
43a9c21cea,0.0,0
9898ce93d6,0.571806685619057,6
4279e747a0,0.0,0
44e3f20074,0.7176747377708068,8
613fb95edf,0.7477698264875993,8
2b723b8474,0.0,0
e204511fd2,0.2936966964023135,3
1a4278325d,0.0,0
25dc959ebd,0.0,0
9ae45b19d3,0.0,0
d308ec69d3,0.5591608665817077,6
ed52743a1b,0.0,0
2ee6e81e4b,0.5677874718164886,6
86f2fd7025,0.3145770022546809,4
6a6b42a6f2,0.2756592490932261,3
bce4cdea7f,0.0,0
8d839a365b,0.0,0
065ce5590e,0.0,0
11a54f2eff,0.0,0
25143d7837,0.3068326634643662,4
21d01a8e82,0.0,0
1495558064,0.659347122831095,7
f0e99e9761,0.7115969022644839,8
e86361f5d1,0.8176649348103127,9
a4e90eef39,0.0,0
cfe4dd9f7e,0.0,0
5c87971507,0.0,0
697af33de9,0.0,0
5446a64ba5,0.331732183119302,4
a39388bd3f,0.0,0
0642bbbc5f,0.0,0
95bdc8b506,0.0,0
71ef380e21,0.8641309675522008,9
3bd3216e16,0.0,0
358b9acfb5,0.1797862954612293,2
bea9b0571b,0.9469659837270856,10
5bb48ef0ea,0.9955886677776687,10
36ad52a2e8,0.562885991569454,6
5fe4e3f5e6,0.0,0
e1ce826217,0.9865699441231252,10
7e40cdf1f3,0.9775512204685816,10
39a05bf91f,0.013528085481815508,1
cb677fab7a,0.3443780021566513,4
dae96d99b2,0.0,0
f87154ea7b,0.2155671012645819,3
91a0ac314c,0.0,0
d2ea97ca4e,0.6950298990295071,7
0aabdb423e,0.6403293794726007,7
90f37a2a28,0.0,0
60bbd166a4,0.0,0
6e3c46c2d3,0.0,0
75fb579aa2,0.8248210959709832,9
ca511bc319,0.7442407607097343,8
7af84fef71,0.12547789432408588,2
76e1428103,0.19027546318988334,2
6e1bb2e64a,0.028624644642682086,1
a7f7a964f5,0.0,0
89097ab99b,0.3883932947750221,4
7df431274e,0.0,0
a24080b4a0,0.16076855210273502,2
96d917e53d,0.0,0
e24e9afdd1,0.0,0
38e018ea0f,0.006469953926085678,1
3ca252f526,0.9850014704440742,10
d82b80a555,0.999019703950593,10
851498c095,0.37339476521909615,4
3501da04b2,0.0,0
6a57dfd211,0.0,0
a5c6cde207,0.0,0
ca78405cea,0.14577002254680912,2
40aaac97b1,0.20654837761003825,3
9a6cf411ff,0.16194490736202333,2
b2d7897c35,0.0,0
96998d1ad9,0.0,0
ed081aa065,0.060974414273110476,1
8b44342fd9,0.9587295363199686,10
61eb86f1ad,0.0,0
91b91fd79b,0.7036565042642878,8
d2c800e9f5,0.3933928046269973,4
38dfaadc68,0.0,0
e53c2e8771,0.9765709244191746,10
a8503e0dc8,0.6780707773747672,7
1abf3d7f60,0.9850995000490148,10
63193879b4,0.5637682580139202,6
c20069b110,0.0,0
c43b8533c4,0.0,0
2b76b47947,0.4739731398882462,5
395726930f,0.0,0
c0aa0c7b66,0.0,0
7796858a9b,0.8485442603666308,9
4b3502ca99,0.8638368787373787,9
2fd6d25adb,0.16272914420154888,2
822043d604,0.05352416429761788,1
044106f759,0.6738555043623174,7
c701db91e2,0.7949220664640722,8
178d777950,0.0,0
1a8a17f220,0.0,0
7f01757d4c,0.2847760023527105,3
bfc47bbe13,0.0,0
966fb0cdbb,0.7973728065875895,8
7ede03dede,0.6791491030291148,7
a18073f2a2,0.0,0
90d2cdb32d,0.0,0
61b42f8f0e,0.8337417900205862,9
f5a0acc480,0.08616802274286835,1
2e8bf3f7b3,0.05979805901382217,1
00441f1cf2,0.0,0
d0cba16846,0.15302421331242036,2
d30e73de0c,0.6369963729046172,7
1f805e4733,0.4958337417900206,5
7eb42fe5ec,0.0,0
526d63530a,0.20252916380746985,3
46b7364b81,0.8565826879717675,9
1af44a9db0,0.3510440152926184,4
b45f9383e9,0.5779825507303206,6
7c6221dbb8,0.0,0
44425dc49d,0.0,0
2fb152d905,0.1969414763258504,2
368767c9fd,0.0,0
b13f0dbc84,0.08499166748358004,1
6d2a5a2fe2,0.04107440447014998,1
ea2f1fa62f,0.3975100480345064,4
c4b05c2eaa,0.7883540829330458,8
9a4f625408,0.9981374375061268,10
3ee87f1ea6,0.21488089402999705,3
d6437d0c25,0.0,0
76c76f8056,0.15047544358396234,2
9a1fbef3e3,0.4159396137633565,5
2596227117,0.1312616410155867,2
49fe2ee7ba,0.5211253798647192,6
89e7c93d0c,0.4156455249485345,5
6b377327b1,0.5678855014214292,6
71c0fd5516,0.0,0
868e7a70ae,0.0,0
33dfe8b243,0.5223017351240075,6
a19163fc11,0.0,0
5343d4837c,0.4255465150475444,5
500683ce7e,0.062150769532398786,1
37e16a5404,0.9931379276541517,10
287d035464,0.0,0
adf2a57778,0.5690618566807176,6
bc5ee94de7,0.4867169885305362,5
eeb18519bc,0.0,0
14152a6731,0.7473777080678364,8
ad297bfd03,0.0,0
976eb05465,0.9176551318498186,10
0df9f16bc9,0.9099107930595041,10
e2e4fcf83e,0.2083129104989707,3
d7e93ff9c2,0.0,0
fa08ffa6fb,0.0,0
13483cd62a,0.6812077247328693,7
d3fdfb9e8f,0.0,0
b04c03e3d4,0.0,0
32f4fd66ae,0.0,0
6d4fca6a35,0.009606901284187824,1
12d09b9fa4,0.316145475933732,4
5fc8bb94aa,0.6345456327810999,7
e0cfbbcb0c,0.2790902852661504,3
010ee525b6,0.0,0
f4f0fd932e,0.2968336437604157,3
a65aa82e0a,0.0,0
c0ffa90c4a,0.0,0
5395202313,0.7193412410547986,8
438443e0d3,0.0,0
e26c381bd4,0.0,0
3bbf82fc28,0.0,0
cd5c9532e4,0.4573081070483286,5
bce104494c,0.7948240368591315,8
ddd0be8fd5,0.0,0
60b7303d20,0.0,0
904f3fc07a,0.5380845015194589,6
78299d7a47,0.0,0
abcc448c24,0.8122733065385747,9
cc2da77c17,0.0903832957553181,1
7fc1ce1cb4,0.3398686403293795,4
8b5232fcfa,0.0,0
db0238e5c7,0.0,0
74ab2a9b1a,0.0,0
bd20d18369,0.2488971669444172,3
2ffea0c397,0.0,0
c95d3f1510,0.5500441133222234,6
23eb8cfbc0,0.2613469267718851,3
8811181716,0.4836780707773748,5
4d6121dae0,0.4736790510734242,5
e61d42e6cf,0.9733359474561316,10
5b72ade49e,0.0,0
75ad49564c,0.11351828252132146,2
a9ebb78977,0.9021664542691892,10
886c96ffb8,0.5904323105577884,6
99aefa9443,0.3482011567493383,4
04711cb760,0.317419860797961,4
066e0ce4c3,0.7807077737476718,8
3cf0203cfb,0.0,0
08dc3c9a23,0.0,0
bcae7b57ec,0.0,0
1aef65e24b,0.6924811293010489,7
f8ba90c991,0.0,0
7a9610078a,0.0,0
475fafb8e2,0.0,0
80363d0458,0.0,0
530f759c6f,0.0,0
f6c49acac0,0.0,0
e7da2d7800,0.0,0
7db9b53d89,0.9872561513577099,10
314db606fd,0.30555827860013723,4
3984ed8d4e,0.0,0
0a7e067255,0.0,0
7cc53fe88b,0.8231545926869914,9
365abbdf77,0.7592392902656603,8
d2aa4238f7,0.0,0
a32a4a2256,0.66571904715224,7
deaa0ab2b8,0.12194882854622095,2
877f9dd0a7,0.0,0
2a00ecc904,0.0421527301244976,1
3ddb2ff7a4,0.0,0
12e859e91d,0.9760807763944712,10
4b0bf2f4a1,0.0,0
52aa9a9703,0.0,0
85cf79a2cb,0.0,0
e045664b46,0.0034310361729242233,1
b9fe322e38,0.029016763062444863,1
1a288f27bf,0.0,0
1d685060b2,0.0,0
6752a6815f,0.0,0
6ec6e26ddd,0.8205077933535928,9
35ba6f2faf,0.5151455739633369,6
071c81c9ad,0.0,0
d1f8ba2f02,0.16272914420154888,2
9447159eb7,0.3396725811194981,4
fe6e74532c,0.19605920988138414,2
36db23ceb8,0.10283305558278599,2
39400e0443,0.0,0
2a6477aee8,0.25556318008038426,3
7b9facc0aa,0.0,0
7524d9b7bf,0.5757278698166847,6
bb9ad7c38d,0.0,0
184356736e,0.09871581217527693,1
0243477802,0.0,0
690514a3e4,0.0,0
e8e8b96a84,0.0,0
3a3281b37d,0.3054602489951965,4
3ec0423139,0.0,0
99b602dde4,0.6766003333006568,7
504c4a71d2,0.0,0
6d46f994ac,0.0,0
3c35e3ad94,0.2090971473384962,3
6f438c26f8,0.0,0
393f2db0b0,0.13204587785511224,2
1544a0e952,0.08401137143417313,1
6c49b277aa,0.0,0
61bd2ee822,0.3436917949220665,4
e560423302,0.3822174296637584,4
4a7418a5e6,0.5736692481129301,6
9fe6cf976f,0.03568277619841192,1
e23a93a95e,0.7398294284874032,8
97e2c6b5c5,0.5273012449759827,6
45180088a6,0.0,0
9b4aa94aed,0.0,0
db02a30bb8,0.5691598862856583,6
576fd5de16,0.0,0
ff1e8ed948,0.2727183609450054,3
aeebdd4350,0.0,0
ad2113ea1c,0.0,0
9e64fc57aa,0.34153514361337123,4
590e6bdbef,0.3678070777374767,4
24e98d224a,0.0,0
b329b390e4,0.2306636604254485,3
29fd4ba626,0.0,0
c0a37fef54,0.6459170669542201,7
f646560aa9,0.0,0
96857148ca,0.4003529065777865,5
c112748161,0.0,0
ea7425da00,0.0,0
e05db130be,0.0,0
4cfee4b097,0.7270855798451132,8
17dd87aefa,0.8917753161454759,9
114d62da56,0.4299578472698755,5
80694aa70f,0.05264189785315165,1
3a7bbd73af,0.0,0
7f826d312e,0.2998725615135771,3
eaefc56247,0.05911185177923733,1
fadd6aa446,0.5686697382609548,6
2d5f4b0213,0.0,0
70c082d59e,0.08528575629840211,1
db1eeaebb4,0.4405450446034703,5
a1b5786252,0.0,0
58ad72a266,0.9999019703950592,10
4f349b5ab8,0.0,0
190febf6cd,0.09106950298990296,1
07bb074759,0.0,0
6a0f5a8b42,0.3087932555631801,4
2c45b152f1,0.5309283403587883,6
d96af7c9cc,0.0,0
2fb6791298,0.0,0
a1526d3c6e,0.965297519850995,10
1d93cf8169,0.0,0
fc1ca2fbc8,0.5204391726301343,6
977f897477,0.04029016763062445,1
b0d8f26ad8,0.3641799823546711,4
f9ef613aec,0.04989706891481227,1
964030c032,0.469267718851093,5
e8f3e42b14,0.18037447309087346,2
d768234bb5,0.9245172041956672,10
41895b0f40,0.0,0
e8cf12563d,0.7430644054504458,8
7c9c98aa11,0.0,0
0ee8a744eb,0.8244289775512205,9
6d9be2f492,0.5186746397412019,6
66073ddce1,0.23487893343789826,3
989ac5a9de,0.9786295461229292,10
e7442307b1,0.12685030879325554,2
b2c6b8cf57,0.3960396039603961,4
4680bc7373,0.0,0
299ef808f6,0.2586020978335457,3
b749a000ea,0.9962748750122536,10
2c3c64402e,0.16968924615233802,2
27de423ad3,0.4904421135182826,5
c230cf2a94,0.2949710812665425,3
3f76f25042,0.30977355161258696,4
356fa48ac4,0.0,0
ec50263c20,0.02166454269189295,1
0ff9f243e5,0.0,0
1d0c2fa004,0.4445642584060385,5
730bddcc02,0.0,0
f1d488759e,0.029899029506911087,1
5ad4b1d1ff,0.0,0
df8c73e52b,0.1314577002254681,2
90b1ba3bb5,0.0,0
430ef30e87,0.0,0
0bdd44d530,0.6820899911773356,7
296de39be2,0.26487599254975003,3
b112d9993c,0.6721890010783257,7
d9cf4a6e42,0.043819233408489366,1
90791c2417,0.03980001960592098,1
1da21e7498,0.0,0
d31c506913,0.0,0
68b593f903,0.5382805607293403,6
b858ccf692,0.0,0
65d05b81c6,0.31124399568669736,4
d16591547d,0.005195569061856681,1
ee94d2281f,0.5765121066562102,6
8cf3a6a6f5,0.31300852857562983,4
1f6afee5ca,0.875502401725321,9
3a33e1eb89,0.9906871875306342,10
e7a5e5e55f,0.0,0
c2ca0ed857,0.8567787471816488,9
231fc4e8e5,0.020782276247426724,1
2a71003f75,0.3667287520831291,4
19843b4e95,0.0,0
7ed0489985,0.25987648269777475,3
5c9326f1e4,0.0,0
c58b6277c7,0.28644250563670226,3
c0565001a3,0.07244387805117146,1
b540435ae7,0.0,0
443985b709,0.8622684050583276,9
903180c447,0.4031957651210666,5
1f1e11aee4,0.6116067052249781,7
0937b1df3f,0.4819135378884423,5
932529c83d,0.0,0
22e7cc183f,0.046564062346828736,1
026f97575b,0.0,0
ec2664c4cf,0.0,0
70b6a2347f,0.7555141652779139,8
2fe186a2c6,0.5882756592490932,6
8ce5996371,0.2544848544260367,3
196cffdb4b,0.22105675914126066,3
1d2c8152bd,0.0,0
7b79d341cf,0.0,0
9bbb4c7c34,0.7067934516223899,8
5b86544456,0.0,0
c385af3da9,0.0,0
62f822b156,0.01744926967944319,1
07a81dccdc,0.1585138711890991,2
4336ac847e,0.0,0
86bc03a8a6,0.3114400548965788,4
53de66df2a,0.12381139104009413,2
918548e472,0.0,0
0ad0876244,0.0,0
8bb7245636,0.0,0
f41a025b6c,0.0,0
fff4eb4941,0.0,0
d967181724,0.12704636800313696,2
9c5c26e2ba,0.0,0
b942b38a45,0.15165179884325067,2
ce14d335bf,0.6261150867562004,7
9819277faa,0.032251740025487696,1
572f0b1ad8,0.1588079600039212,2
8f1fbec1e6,0.0,0
71a7c521ef,0.0,0
74d574653f,0.0,0
0589f557d7,0.010195078913831977,1
cd249859fa,0.0,0
9a6c280d8d,0.3999607881580237,4
e82162c83c,0.0,0
ffe228a7e3,0.03930987158121753,1
6cb11aa807,0.9282423291834134,10
bfd1d7caa1,0.0,0
52020f0fd4,0.01686109204979904,1
a112a63d2d,0.06989510832271346,1
52fdbf981f,0.04558376629742182,1
5ebe9e404d,0.6252328203117341,7
eed6c66da4,0.0,0
594712691d,0.0,0
cde14bb8d2,0.0,0
6a3f8feaea,0.0,0
94c8aad517,0.4353494755416136,5
9b3d4b0379,0.0,0
3218afdc84,0.974218213900598,10
2a484baa26,0.4146652288991276,5
dd9a94a797,0.0,0
f115ca6981,0.1998823644740712,2
26000ba320,0.0,0
00cda0328c,0.0,0
7ed79f8f56,0.9676502303695717,10
fcbc5cef9d,0.0,0
7555f79a2c,0.3357513969218704,4
6c61beb5dd,0.0,0
62a0ee9480,0.0,0
1a28f06897,0.0,0
6a89c7a85d,0.011567493383001668,1
a568cc8273,0.6613077149299088,7
43a1dbb062,0.0,0
74fa9386ae,0.0,0
4514686882,0.0,0
2eea9d51a4,0.0,0
1017084680,0.947456131751789,10
5f397e0074,0.440937163023233,5
fb58510ec6,0.26124889716694444,3
7d9f0dacd0,0.4800509753945692,5
12e94a5a08,0.5721988040388197,6
a6ec5aa914,0.12273306538574648,2
dcb1eee6e3,0.0,0
ff2c353279,0.07009116753259484,1
fdc06fea10,0.0,0
268baf2d43,0.32006666013135965,4
48b8dda801,0.0,0
6fe2b681e4,0.010881286148416823,1
7d0cea3489,0.4628957945299481,5
2578042000,0.8528575629840212,9
9b1f59b89c,0.008626605234780906,1
934cd14205,0.3820213704538771,4
65aadb6f53,0.0,0
e813f3d1bf,0.06852269385354377,1
1a37af90c1,0.0,0
4b873df7a2,0.7611998823644741,8
a35ba23a41,0.0,0
7c41f727b9,0.0,0
14bba6af57,0.0,0
d3f2336daf,0.4746593471228311,5
dde0ee264b,0.602686011175375,7
bbf6b192be,0.0,0
dfae9e48e8,0.25889618664836783,3
cd69ee839f,0.1177335555337712,2
9f224c71b1,0.5890598960886188,6
9d5d4bf0f1,0.0,0
05c7033694,0.0,0
3f5adbdcc7,0.0656798353102637,1
3c6fe4b7ba,0.0,0
0f3118527c,0.0,0
5bb976391e,0.0,0
efd1625f2a,0.02666405254386825,1
9bdfa54912,0.049014802470346036,1
db1aa8e608,0.09734339770610724,1
0bca43f7ff,0.7776688559945103,8
2c707479f9,0.030585236741495925,1
3a310860a3,0.9878443289873542,10
a708e52d7c,0.0,0
74de17e9c0,0.02607587491422409,1
ceeaafc4fc,0.0,0
c756ff4e1f,0.6440545044603471,7
d5023a3662,0.3894716204293697,4
2ce9c36a98,0.2217429663758455,3
578b502c6d,0.13802568375649446,2
a6f4e0f8b5,0.8456033722184101,9
d289692ab8,0.0,0
34205cc12b,0.0,0
89af21b6ee,0.5317125771983139,6
976fcded4d,0.6666013135967062,7
802df9bb5e,0.15635721988040388,2
8b5d38c547,0.4761297911969415,5
d991b7a689,0.8009018723654544,9
3792be0845,0.7995294578962847,8
5f7c5c59f5,0.0,0
1bfe4907c1,0.10851877266934616,2
f992390442,0.19537300264679933,2
4e5d643b2f,0.8603078129595138,9
a37249665e,0.4952455641603765,5
db840e1e22,0.20027448289383395,3
62e608259a,0.025487697284579943,1
56810440c4,0.0,0
2bf5343f03,0.10361729242231152,2
1ff0aa7f05,0.3229095186746397,4
10e1c8e23a,0.0,0
6b2f79f6ff,0.07793353592785021,1
7582c0b2e9,0.0,0
04e7e791e2,0.0,0
725d92524a,0.8837368885403392,9
9e9ce2e1ce,0.0,0
efec1f093e,0.0,0
944b46458e,0.0,0
7a2cca4fe5,0.12685030879325554,2
8e2e3afdb5,0.30565630820507794,4
e476b868ef,0.15027938437408098,2
04315b9a64,0.0,0
6c557220d3,0.0,0
7c6a2df039,0.9598078619743162,10
618f843c7a,0.13577100284285853,2
e7c54b5f4e,0.6056268993235957,7
5f8f40ce31,0.0,0
d6379c1f18,0.4016272914420155,5
1af9e4bbd8,0.3607489461817469,4
f2ffcf3de5,0.0,0
4d1efb19d7,0.0,0
590e32af63,0.7221840995980786,8
fa25724a62,0.0,0
212ba67b51,0.4421135182825213,5
5489419bef,0.6545436721890011,7
d567ba2b49,0.0,0
06a361fc57,0.6382707577688462,7
6c95018d5c,0.3535927850210764,4
18449e54f8,0.0,0
60d3607be2,0.9887265954318204,10
b3ad13d9e9,0.18488383491814528,2
e1984bebe3,0.0,0
b8f92fbe45,0.9470640133320264,10
ad3c6dd8d4,0.0,0
89dc091930,0.35369081462601704,4
417833daa4,0.0,0
b552fb0d9d,0.0,0
5103df3d79,0.0,0
03511989ac,0.0,0
f870e41e88,0.9856876776786591,10
cafb1294ae,0.0,0
3a58606814,0.3708459954906382,4
17e67f9ce4,0.0,0
49d061af38,0.29722576218017843,3
b07d4da735,0.0,0
6cc7ba6c56,0.12400745024997548,2
645abba5ec,0.7813939809822567,8
ede36de5cc,0.0,0
e7ee2c6dce,0.0,0
64e79513a3,0.0,0
0a0814464f,0.006764042740907754,1
54cfa66336,0.0,0
5aca18a605,0.0,0
25845ace3d,0.0,0
d2bd2fe97f,0.9244191745907264,10
52a0f74bfe,0.0,0
e3cded005d,0.8225664150573473,9
4d04dcd959,0.9313792765415156,10
0c62dfc234,0.0,0
92a6b22052,0.0,0
29b25b5f03,0.0,0
26ec6ef9df,0.0595039701990001,1
aac747667e,0.0,0
324eb2ec65,0.9225566120968532,10
3ced3ed63e,0.2786981668463876,3
5948185d4d,0.0,0
c0ef23e386,0.2857562984021174,3
4e86258646,0.5289677482599745,6
e021227dbd,0.0,0
e82b7a2abb,0.0,0
45b5f91d83,0.8160964611312617,9
30d4fb116b,0.5823938829526517,6
b76b065012,0.035976865013233994,1
ac5f676fa3,0.0569552004705421,1
c68ee0308f,0.0,0
4085f8522d,0.06842466424860308,1
34bd0facd2,0.5091657680619547,6
1c8f6881ac,0.14557396333692774,2
999ae650f6,0.3096755220076463,4
cb9d520cf9,0.07538476619939223,1
5c70da6c2d,0.7259092245858249,8
54dd4658d1,0.0,0
48b63017da,0.0,0
de08c5a3b7,0.8694245662189981,9
97970b5e2c,0.06666013135967062,1
dbcfdf17a3,0.12439956866973828,2
64e050f295,0.0,0
458a05615e,0.6135672973237918,7
f8e67987c6,0.0,0
331ec135dd,0.9651014606411136,10
d73189228f,0.0,0
30787ad7df,0.979903930987158,10
c10ff1398a,0.8909910793059505,9
af84304233,0.3060484266248407,4
7a0c8915be,0.8283501617488481,9
116bd22fd0,0.8737378688363886,9
804fcfaf4b,0.15645524948534456,2
321f21e02f,0.811194980884227,9
46f402dcd5,0.0,0
ec3130dd0b,0.18772669346142531,2
cf7abfc8bb,0.0,0
21ec084221,0.9860797960984216,10
98870eab9e,0.6561121458680521,7
72e1a1b225,0.2364474071169493,3
912b573a9e,0.0,0
b6f907680a,0.1114596608175669,2
d8fca64ebf,0.9853935888638368,10
3404341cc6,0.0,0
3276e900a7,0.03274188805019116,1
e12cf83477,0.9877462993824137,10
543acdb5f7,0.8575629840211744,9
2ff32a1188,0.40084305460249,5
23a7afcb36,0.0,0
7d48474434,0.9983334967160082,10
1a2d060823,0.0,0
2fbde8630d,0.0,0
0c6ec35477,0.27105185766101364,3
5ff89814f5,0.0,0
a2530b4c45,0.0,0
3fe0ac38f0,0.02931085187726693,1
ae11c7b131,0.5283795706303304,6
2fe4adfd48,0.0,0
73a4c6a4bb,0.0433290853837859,1
7cf386709a,0.18145279874522105,2
aebff18bf9,0.9451034212332124,10
51e8e6bfc4,0.0,0
5673036fa1,0.0,0
0d9adabb2c,0.9100088226644448,10
849ccdf3af,0.0,0
3dbbc237c5,0.09881384178021764,1
d00d1ea52b,0.0,0
f3220c3590,0.5133810410744045,6
27c035c5ae,0.6896382707577688,7
95a87f8ad9,0.0,0
954502fb12,0.6765023036957161,7
95d3841a53,0.442211547887462,5
81c1149163,0.03382021370453877,1
1ad819c49a,0.012743848642289972,1
8a4671cb47,0.40819527497304187,5
b172bd2032,0.7598274678953044,8
44f2ea3584,0.01637094402509558,1
ef753a06c7,0.07548279580433291,1
653c7e9f6c,0.9111851779237329,10
f43f1e7456,0.2691892951671405,3
25bbbcd4a4,0.9992157631604744,10
aa9eb3a110,0.057739437310067636,1
1abe5e8a3d,0.9909812763454564,10
d5a283c553,0.13479070679345162,2
44edd661a0,0.5924909322615429,6
dccd2d9d48,0.062052739927458085,1
0cc1d0e4c4,0.4808352122340947,5
fb5adc8df0,0.6876776786589549,7
f5d1176e33,0.0,0
b12a5a2b61,0.9884325066169984,10
fd998a993b,0.8445250465640624,9
bb9af788f8,0.4745613175178904,5
e060d5ca41,0.0,0
b3b37c152d,0.4477992353690815,5
48db3b8c5f,0.6498382511518479,7
c4adb6e891,0.0,0
b839f805f9,0.4901480247034605,5
9494906f54,0.3739829428487403,4
ff24769ea3,0.0,0
cb0d3e8399,0.0,0
f70f3b7b95,0.14812273306538576,2
843e8ec44e,0.17625722968336438,2
1b8d100712,0.9862758553083032,10
f7b1bd7c8a,0.9322615429859816,10
70e9442b06,0.0,0
d453812357,0.33555533771198903,4
29a1b18e79,0.9126556219978432,10
dbb4b51e4a,0.0,0
38673ade97,0.08861876286638565,1
a49edf33ae,0.0,0
e0fb508d51,0.0,0
8db9dc4a62,0.7505146554259386,8
28ad4e60c5,0.08459954906381728,1
51179a1815,0.11508675620037252,2
5f8b4540fd,0.0,0
de5a329823,0.0,0
5f48c8c123,0.0,0
8cb6f8581b,0.026958141358690325,1
1a5c093750,0.0,0
42a3baf571,0.5894520145083816,6
08173ef66c,0.8950102931085188,9
b9c2f9550a,0.0,0
a89d1999ec,0.1128320752867366,2
1e4a233a70,0.0,0
28a1187a4e,0.0,0
58f752db3b,0.7294382903636898,8
e5a8368ee6,0.0,0
8174aba668,0.04528967748259975,1
494daad56b,0.14273110479364767,2
75eaea4cdb,0.4826977747279678,5
6abe55deaf,0.0,0
a0219e8fa4,0.0,0
3e3431be2f,0.0,0
3d0acb5c90,0.9950004901480248,10
0c02f95a08,0.4790706793451622,5
8ebceef687,0.7217919811783159,8
7588e9645a,0.1275365160278404,2
b1dc23a427,0.9976472894814232,10
47729d4ee5,0.0,0
ebff5f719e,0.3458484462307617,4
48a18f5386,0.0434271149887266,1
83be4b6836,0.7364964219194197,8
8b0d16466b,0.5545534751494952,6
b09f0e743d,0.0,0
4541761ba4,0.20184295657288498,3
d83a74a082,0.14233898637388492,2
cc216a861c,0.0,0
28a9c6e5fe,0.0,0
71a5b1da57,0.9942162533084992,10
6d55cabc8d,0.0,0
07e08eee37,0.7754141750808744,8
b240778420,0.0,0
fc944f4e1f,0.992059601999804,10
fa70e3da06,0.0,0
1ee82dabee,0.26203313400646994,3
2da8da57e1,0.0,0
4608c638bd,0.0,0
9086ac3a68,0.07273796686599353,1
6b5b7c0ff3,0.3568277619841192,4
7bf203a987,0.5685717086560141,6
691fec8ce2,0.7945299480443094,8
5e0d2e6c25,0.0,0
3577258d6b,0.0,0
ddcb1ad560,0.0,0
78b2d05419,0.21360650916576807,3
9667824566,0.2691892951671405,3
69013a70ab,0.7462993824134889,8
088a402727,0.0,0
9fac28f3df,0.0,0
8e48de3b3b,0.3053622193902559,4
c9ffc53f25,0.9422605626899324,10
5d0a9c5b0e,0.9982354671110676,10
9b31db4e58,0.0,0
44ccc2d846,0.0,0
f959f79b64,0.0,0
84723e7793,0.0,0
62df3565cd,0.8952063523184002,9
ceb69201df,0.9831389079502009,10
47bd268dcd,0.7847269875502402,8
ab767aef7f,0.0,0
2615b5210d,0.0,0
367c6fb412,0.0,0
d58653f803,0.479462797764925,5
212f074587,0.4159396137633565,5
df5df272fb,0.0,0
4210e9e5d3,0.0,0
32599d97bb,0.0,0
f7c147ac61,0.0,0
9d98768f19,0.044113322223311435,1
6ab003835b,0.015096559160866581,1
d35af24206,0.06342515439662777,1
a91bd88bc1,0.0,0
b1f0e104f5,0.5020096069012842,6
22a889c9fc,0.0,0
d1f7d2876b,0.05901382217429664,1
b9afd7b728,0.7535535731791001,8
d14db20055,0.0,0
eed279a71a,0.0,0
0f4637e4b7,0.0,0
63e32c0cfb,0.6103323203607489,7
65dc362682,0.0,0
c038f6fbe4,0.3714341731202823,4
74d7a9df8b,0.2898735418096265,3
a803fc87d1,0.0,0
c9a2990f76,0.4245662189981375,5
5cb2496125,0.0,0
440534c8dd,0.009802960494069209,1
b345b1f290,0.0,0
4575e490e4,0.0,0
2fe0292eea,0.0,0
21e1d6e38d,0.0,0
f950879320,0.0,0
4be0764138,0.0,0
e6a78e36b5,0.4512302715420057,5
b97918ac08,0.012939907852171357,1
f78674d646,0.0,0
a8e5845bf9,0.4551514557396334,5
255e6ef6a9,0.0,0
e6ab700d15,0.0,0
93a0cb5111,0.0,0
1c37e37fbf,0.22389961768454072,3
941d0865da,0.0,0
f724f78b1a,0.0,0
7aebdeb9a7,0.3994706401333203,4
d66bb0c151,0.0,0
1d955f8103,0.0,0
939879034e,0.4438780511714538,5
ad6e3961d4,0.8665817076757181,9
b1e590d1c9,0.9883344770120576,10
23a17b87e7,0.0,0
a41357f553,0.14488775610234292,2
2af240d261,0.7127732575237722,8
44f5dd71ab,0.0,0
705eb5d67a,0.0,0
52914952d6,0.2694833839819625,3
6153c227de,0.27575727869816685,3
8270908d6a,0.6282717380648956,7
843447abe4,0.0,0
cffbfab33b,0.9893147730614644,10
14dcf18fb6,0.5576904225075973,6
de51e77a38,0.0,0
665e84dc42,0.3136947358102147,4
76ae1014bd,0.0,0
abe36055e8,0.0,0
49f22705ea,0.0,0
5f3b26ac68,0.4626997353200666,5
bb8c452bb6,0.010489167728654054,1
e9909298a9,0.917263013430056,10
bb697642ae,0.0,0
f4784e4f1f,0.0,0
8c9a0ea088,0.17390451916478775,2
93f8f9e663,0.07224781884129007,1
89ad7a93d6,0.0,0
0a1742c740,0.5862170375453387,6
651b2c01bc,0.9424566218998136,10
3822f73c1c,0.2550730320556808,3
5cf1f1e7f0,0.4695618076659151,5
ec7522391d,0.0,0
4329ab8cf6,0.0,0
659193a103,0.0,0
0fd38464c3,0.3981962552690913,4
fd4741392b,0.9873541809626508,10
71d10659ad,0.0,0
520fdf987c,0.0,0
fe9e558605,0.0,0
1267729ffd,0.5690618566807176,6
fa92bed2b1,0.0,0
70c8e14243,0.5946475835702382,6
e0bde1cf11,0.0,0
074673a5f1,0.0,0
33f32ff406,0.0,0
a1e32a6815,0.7719831389079502,8
41a4f7424e,0.20213704538770708,3
a60daba969,0.21909616704244686,3
c7408f1d38,0.5251445936672875,6
7ab70da99b,0.0,0
465486e6ec,0.1361631212626213,2
466548defe,0.0,0
236a5cc090,0.20223507499264776,3
31ca053bec,0.7190471522399765,8
ad29bc8923,0.0,0
4a5595076f,0.3879031467503186,4
638e7a825e,0.9973532006666012,10
384d50db49,0.4515243603568278,5
0c62ed4494,0.41839035388687373,5
42d64f2d78,0.7124791687089501,8
dab1d67df7,0.7662974218213899,8
f1395b9e13,0.0,0
81e9af5ee2,0.07950200960690128,1
dfe111dace,0.0,0
cf241124b1,0.0,0
fa3e7cb3f5,0.0,0
5b8dc086ff,0.05970002940888147,1
5fd2a3ef64,0.21272424272130186,3
fa59461848,0.6345456327810999,7
9d12bb050d,0.0,0
b51c130238,0.5101460641113617,6
f9645c1acf,0.0,0
6c4568e51c,0.29722576218017843,3
973a4f6dad,0.8570728359964709,9
7d5c34a95a,0.07352220370551908,1
4514d46495,0.0,0
1f7e3eef06,0.02676208214880894,1
5be9925bca,0.2974218213900598,3
23b7bf14c5,0.66571904715224,7
31b1314c62,0.09802960494069207,1
85fe62d2d6,0.0,0
3c1d07fc67,0.0,0
8adaa82868,0.5682776198411921,6
f0ea2421f0,0.0,0
e51bea30d0,0.3469267718851093,4
a6c2605919,0.3389863738849133,4
2b30313d2c,0.37280658758945207,4
9a478d8cf2,0.0,0
019afb4b4e,0.21017547299284384,3
930183efe5,0.5923929026566023,6
1379940546,0.6458190373492795,7
badc44bb99,0.0,0
cd5cd074f1,0.5104401529261837,6
9bd58061d6,0.16694441721399866,2
da689f1bca,0.906087638466817,10
77abc5ed21,0.1648857955102441,2
4db68c7d25,0.9097147338496224,10
e4d9d1178c,0.0,0
d353a74b66,0.0,0
5ec6db5c9d,0.0,0
18ac660fbb,0.4134888736398392,5
f5ffe74512,0.1474365258308009,2
1c6f7aac78,0.0,0
b8dea42e1a,0.9873541809626508,10
26808abb2d,0.5680815606313107,6
9e7d89d4c0,0.0,0
9c4c524983,0.8945201450838153,9
1f8bf8c5d0,0.0,0
66fed16154,0.6339574551514557,7
1a4ffa4415,0.0,0
56ced19ad6,0.06107244387805118,1
2556c23489,0.2722282129203019,3
28948eeb9c,0.0,0
7f30236ca4,0.0,0
d1665744c3,0.0,0
e3755d5769,0.0,0
3da64841d8,0.9828448191353788,10
eec46ec66b,0.31183217331634155,4
d71ca6d32c,0.03323203607489462,1
a3ff13b1e1,0.0,0
92e617896e,0.0,0
38232d1fe3,0.5958239388295266,6
657f2c34f7,0.2586020978335457,3
4a27de03fc,0.5196549357906087,6
8d89d465fc,0.7055190667581609,8
17c6355815,0.0,0
a4442fef48,0.6749338300166651,7
5468ed796d,0.0,0
5df9874c5b,0.0,0
351ea99ec3,0.13194784825017156,2
226eeb7c67,0.0,0
60dccbc52f,0.22086069993137927,3
6dea52e54d,0.8072737966865994,9
31d35c7c1d,0.2122340946965984,3
9a91290888,0.0,0
f06ef6c8b7,0.8467797274776983,9
e5a6b92463,0.4643662386040584,5
d1c9be7e25,0.7864915204391726,8
76761b2a41,0.4774041760611705,5
b937f4558c,0.44025095578864815,5
642c62a158,0.3606509165768062,4
b9fcc34ef3,0.16635623958435447,2
fd949b5ab7,0.2946769924517204,3
711e8ac5ba,0.0,0
de7af15747,0.6640525438682482,7
6aff151236,0.0,0
cd6ed7690d,0.03754533869228507,1
9bf8f84094,0.6704244681893932,7
cae4ec68c0,0.0,0
59dabe134f,0.0,0
a5ccb4f8d9,0.0,0
71d7482240,0.04666209195176944,1
a31e485287,0.0,0
669cb42011,0.03989804921086168,1
47048ac10a,0.028820703852563474,1
7d963e0f5d,0.4623076169003039,5
10ecfda568,0.0,0
dce4c70a99,0.4101558670718557,5
06c2c49688,0.0,0
92895cb54f,0.4629938241348887,5
a2a9c0c00a,0.4320164689736301,5
e880e84886,0.9307910989118714,10
1cc428e57e,0.1252818351142045,2
b194549062,0.0,0
455d05742a,0.0,0
fa01eb7fdf,0.0,0
f429b8e6f8,0.12851681207724733,2
7ebd3f0cdd,0.0,0
4d58e8d8ff,0.10881286148416823,2
b60fbb288b,0.19556906185668071,2
ba6970504c,0.3487893343789825,4
60698e8fd2,0.06420939123615332,1
20658e781f,0.0,0
a4a2921863,0.0,0
5fd411e302,0.10312714439760808,2
1b5a148cd3,0.0,0
0115703825,0.05156357219880404,1
18590f686a,0.8937359082442897,9
3e8b5729dc,0.19919615723948636,2
0d3b5ec2a8,0.0,0
6a29fbd74b,0.0,0
185172060e,0.8590334280952848,9
a898892737,0.9441231251838056,10
c38e2a42e3,0.3802568375649446,4
859f623d32,0.0,0
c8d70d9c3d,0.02911479266738555,1
204c4657d5,0.0,0
778a92f420,0.10763650622487993,2
9fd1beec08,0.0,0
ed6f9dfa22,0.009312812469365748,1
e0da89ce88,0.0,0
2b2fc71ee1,0.07950200960690128,1
99c726d528,0.0,0
8d73c4f678,0.9445152436035684,10
cbe33c57c4,0.3606509165768062,4
0ba541766e,0.4386824821095971,5
aa1d903842,0.0,0
4b44c94892,0.03911381237133614,1
4c89e94e36,0.06332712479168709,1
13fb17bf13,0.0,0
b6e57d954e,0.732575237721792,8
73c6a1ede1,0.008234486815018136,1
55f1ea73b3,0.0,0
7d14f8cfe3,0.4360356827761984,5
5b435fad9d,0.03333006567983531,1
8ab2399b4a,0.0,0
a71bdf1af7,0.15469071659641212,2
6e3bb2a882,0.0,0
751a212e82,0.0,0
2f3eff4192,0.0,0
7f3e8a8526,0.0,0
a667ba911e,0.0,0
2fc6fb555f,0.0,0
5d6126f459,0.5801392020390158,6
ad16edc8be,0.045681795902362515,1
de15d35ebc,0.0,0
e6f86c83e2,0.4583864327026762,5
03049b14ca,0.0,0
a9b7fa7e0d,0.33653563376139595,4
ff038e87b1,0.6652288991275365,7
306e6e7743,0.13880992059602,2
c20c019650,0.8855994510342123,9
07fef26d18,0.0,0
f503aaf699,0.5054406430742084,6
e0751c41fd,0.9810802862464464,10
91dfba8133,0.0,0
21df07989f,0.06754239780413683,1
4d9fa2d97f,0.21654739731398884,3
16bee00afc,0.0,0
cbed0283ff,0.7429663758455053,8
0558ee87d3,0.9501029310851876,10
4520536c03,0.35516125870012744,4
a8ebba8c1e,0.0,0
f121c06f1f,0.0,0
1b2c817dd0,0.6954220174492697,7
abb1521de8,0.012841878247230664,1
9258e48804,0.5617096363101657,6
6d03f91961,0.0,0
3e84576386,0.4393686893441819,5
5187e13789,0.0,0
41e173a1e5,0.1894912263503578,2
312c4ce754,0.0,0
7b0c7e28f0,0.8867758062935006,9
30ff4f38cf,0.9075580825409274,10
ced8d25446,0.0,0
216e2a7492,0.2304676012155671,3
1c687fea93,0.0,0
ca2e414e83,0.0,0
2a16af2ae7,0.4242721301833154,5
7469baeb8d,0.7697284579943143,8
ba67135a54,0.0,0
57302cf4b6,0.0,0
86abf1c96d,0.0,0
b93d143e4b,0.0,0
543f5887a2,0.999019703950593,10
e4be64c1fb,0.17027742378198216,2
8ec207d7df,0.0,0
069035a9b5,0.426624840701892,5
c26ff00bfd,0.0,0
bb455284f1,0.6083717282619351,7
bc5382bc71,0.0,0
4743e3bf8d,0.9628467797274776,10
a33fe0952a,0.0,0
93d21b7636,0.0,0
98c6496076,0.4284874031957651,5
a1fe3de7bb,0.9941182237035584,10
3d0f8c81ce,0.0,0
efbfde4930,0.05411234192726203,1
5f45291a7a,0.4260366630722478,5
a5805697c1,0.4251543966277816,5
0a31d7553c,0.0,0
b0a7056a04,0.9899029506911088,10
f841c6dee7,0.0,0
dfe230b677,0.9855896480737184,10
dcca025cc6,0.0,0
73a3712fcd,0.5408293304577982,6
0adb490de5,0.0044113322223311435,1
d49a9c4664,0.0,0
533a731c99,0.0,0
602dc99f10,0.0,0
7f0bdb5e31,0.5085775904323105,6
efe3e72587,0.0,0
c23d957c59,0.2394863248701108,3
46bbe12b2c,0.14929908832467406,2
ceef85bdc0,0.04636800313694736,1
fde2b51fb2,0.4928928536417998,5
ccc41663c6,0.8561905695520047,9
1e2bad4d81,0.6438584452504656,7
c4f5a0fa36,0.625919027546319,7
a9a9fb1747,0.0,0
ee48914076,0.013430055876874816,1
d8aebd0f86,0.0,0
eb84dfdf18,0.0,0
939232310f,0.0,0
a15b73d4bb,0.0,0
1169f5b1fb,0.0,0
f2f0278d02,0.31045975884717186,4
380dea2a5a,0.0,0
97b058f254,0.0,0
155bcd4b4d,0.453975100480345,5
32062fff08,0.06381727281639055,1
29df15c1ce,0.0,0
e172f09faa,0.004509361827271836,1
1d798aa5d5,0.452406626801294,5
d61e5c8296,0.0,0
27d0d9af30,0.0,0
d204ea9f09,0.0,0
f1080b61e2,0.0,0
416101e57a,0.0,0
8f2087a1f5,0.0,0
f0ec542987,0.0,0
f234066134,0.20115674933830016,3
e335542c17,0.8514851485148515,9
d859ee2145,0.2716400352906578,3
37df75f3a2,0.0,0
e2ba31c4a5,0.0,0
617c746fca,0.6829722576218018,7
792929a4c8,0.1894912263503578,2
6313ab72dc,0.0,0
6b95bc6c5f,0.0,0
8650153427,0.0,0
e12aab98e6,0.1770414665228899,2
bd51537256,0.0,0
eec5e72dad,0.231153808450152,3
8620f40403,0.21027350259778446,3
59944f0f92,0.7731594941672385,8
9cf8fe7f96,0.06175865111263601,1
0ae08cc1b2,0.0,0
a8be31a3c1,0.0,0
ca58996278,0.0,0
6bffabbd91,0.0,0
2f35ac4b87,0.01744926967944319,1
da02c9184d,0.08136457210077444,1
eaeb630ff4,0.0,0
f26e6cffd6,0.0,0
3187bf5c2d,0.0,0
7b078e7517,0.03764336829722576,1
9a3abd0ba6,0.6468973630036271,7
bd526ca9af,0.9501029310851876,10
b10fa280bf,0.4671110675423978,5
b8525600cf,0.0,0
5b2282b51e,0.040584256445446526,1
f62410bce9,0.8050191157729635,9
49a90688bf,0.08116851289089305,1
d0cd29a61b,0.0,0
05139ad3e5,0.0,0
bcf322c1c0,0.0,0
d175b3b3cc,0.316145475933732,4
5bffe3b52f,0.5029899029506911,6
f8f7ed86fc,0.0,0
65a55b69b7,0.5923929026566023,6
1f73caa937,0.0,0
dd81358234,0.0,0
e11123ab8b,0.5602391922360553,6
566ac48e00,0.3172238015880796,4
d885813aa8,0.0,0
3ec30a713c,0.1289089304970101,2
571b14e631,0.0,0
ea2d80c951,0.0,0
e02ae4f371,0.0,0
c092a99d23,0.631310655818057,7
10f3d01ddb,0.9393196745417116,10
813d6ad4ba,0.0,0
d7f48d294e,0.449857857072836,5
eb4fa16734,0.0,0
ce15cc1d1a,0.0,0
fba32825cd,0.0902852661503774,1
46386ca4a3,0.06499362807567885,1
0304e9ac37,0.6082736986569944,7
36a6901cae,0.15949416723850604,2
b2b0cd95a4,0.0,0
33b50159a7,0.0,0
5fa536d1fd,0.9962748750122536,10
9466e21e0d,0.0,0
b33d57c4be,0.20850896970885208,3
285b9ba056,0.0,0
0db1b4c199,0.0,0
10f24c23af,0.25379864719145184,3
e1323691be,0.13341829232428193,2
848c9d1a6a,0.9850995000490148,10
d66e51d456,0.0,0
b355ed119c,0.0,0
b012e9ebb0,0.5002450740123517,6
c60eaa0c75,0.9972551710616606,10
f0dc7e30fc,0.0,0
18b26e968c,0.2305656308205078,3
be1c8cbf1f,0.3216351338104108,4
94c2d96e56,0.029212822272326237,1
343b0359b5,0.27634545632781105,3
b40457631c,0.0,0
a33e7de189,0.930889128516812,10
8693030eb3,0.4826977747279678,5
cadb46b378,0.27948240368591315,3
503aba826b,0.0,0
c202c25557,0.27703166356239584,3
6d9b6a2c4b,0.1896872855602392,2
f425a67987,0.9553965297519852,10
3ee1cfb6a6,0.8435447505146554,9
e82421363e,0.0,0
18ea3802ca,0.999705911185178,10
d7196745e5,0.0,0
1c0b2ceb2f,0.0,0
9358b1fa7a,0.73796686599353,8
a7f4b8d36e,0.4149593177139496,5
3c30b8e27b,0.2807567885501421,3
4edadcf4c4,0.8203117341437114,9
0d19f89dc9,0.0,0
6ebb6826bd,0.035878835408293314,1
af0e101aae,0.0,0
77acb619e7,0.6067052249779433,7
336e1995cd,0.0,0
217a70a0cb,0.5545534751494952,6
a970e82aac,0.4748554063327125,5
b0a18e86c7,0.0,0
4c7f2b2c18,0.5084795608273699,6
f4ed280779,0.0,0
c06ce71f9a,0.0,0
128f3b0e36,0.20821488089403,3
abfed46705,0.23605528869718656,3
7c7125fd12,0.011469463778060974,1
3b4be071a8,0.03431036172924224,1
e45c509f80,0.6735614155474954,7
14c6a2d399,0.0,0
b83bc9dfa7,0.0,0
ad1e8ef844,0.0,0
87725b728a,0.3874129987256151,4
e340e7bfca,0.0,0
6e1444d88d,0.4509361827271836,5
c353af5098,0.9950004901480248,10
1d4e60eafa,0.20507793353592785,3
ec817961a2,0.8285462209587295,9
6f78817a2d,0.5134790706793452,6
3eabf280ed,0.0,0
9a9ff1beca,0.052445838643270265,1
e1921d9a0d,0.0,0
1b61e02423,0.5588667777668856,6
e93ddc6ba7,0.0,0
1a2918c9b4,0.42319380452896777,5
c47c5ea1c3,0.0,0
3507f73405,0.0,0
308a9348e0,0.0,0
fbb8eba26d,0.0,0
aa1c0ba47b,0.2590922458582492,3
bedb558d15,0.0,0
70ca8ebf7b,0.5117145377904128,6
467469da7b,0.0,0
0a19821a16,0.7766885599451034,8
0f6e788cdd,0.7283599647093422,8
cbeab7807d,0.6984609352024311,7
0cc5805a92,0.6548377610038232,7
fb1b82dde6,0.0,0
09b7182dc5,0.0,0
c1c5602088,0.0,0
c9142b341c,0.014508381531222431,1
d998a07370,0.02636996372904617,1
5991bd3f1b,0.9332418390353888,10
8d2e68312e,0.0,0
3406ef6042,0.8156063131065582,9
5a6f57c150,0.7551220468581512,8
d4d964f62d,0.0,0
4161f35a4f,0.5342613469267719,6
290e9d9748,0.13596706205273992,2
41cfd4b320,0.3062444858347221,4
6fe4017680,0.5022056661111656,6
46673b0e2d,0.0,0
f2c640742a,0.0,0
2067c20654,0.0,0
c93d0ecd1d,0.0,0
8b11113861,0.43681991961572403,5
0f5ada4dc3,0.20439172630134303,3
d0e720b57b,0.0,0
d2f131dba8,0.0,0
e7f63a219f,0.241642976178806,3
e865014246,0.06832663464366237,1
25e519b494,0.7261052837957063,8
7633c6bb70,0.8002156651308695,9
6da01cc490,0.0,0
92107f9559,0.04823056563082051,1
bbfb2201ce,0.0,0
b9f3886670,0.0,0
2d64b6a8cf,0.9338300166650328,10
a0f050600e,0.09185373982942847,1
a43ca2ef73,0.0,0
47fd4036e7,0.0,0
c69962cd9d,0.0,0
15d079a8e8,0.5562199784334869,6
f44f67efae,0.0,0
04182ced8e,0.0,0
4e961dd0ed,0.0,0
2380664922,0.9789236349377513,10
72544ea5b6,0.08763846681697872,1
74d1d03fc3,0.0,0
6d17d3be2d,0.6111165572002745,7
1937cfedc5,0.0,0
f34ae8f3d4,0.4219194196647387,5
a962f4c9b6,0.5873933928046271,6
5b7c160d0d,0.17184589746103324,2
9a4db0d7aa,0.7696304283893736,8
f3356c9ee4,0.9762768356043524,10
8a29fd2ebe,0.0,0
211eb21702,0.0,0
09f0f1f414,0.9973532006666012,10
cb2698f715,0.0,0
0cc3c31d1a,0.3605528869718655,4
db0bc63d60,0.8825605332810509,9
4c36178b41,0.0,0
ac03463615,0.5694539751004803,6
66c61616cc,0.0,0
b9ebcbc115,0.6852269385354377,7
8431a87cff,0.06264091755710224,1
59092e355d,0.14047642388001175,2
699608ddb7,0.2041956670914616,3
3d339265c4,0.0,0
40e8e14e60,0.6700323497696304,7
d2e44953e6,0.9424566218998136,10
9ccf50ab0e,0.0,0
bd7b74689d,0.013332026271934123,1
f1cdcb9883,0.0,0
babbac4cf9,0.36241544946573867,4
0ce8a6ae62,0.22252720321537106,3
b5850af687,0.0,0
6f0c88962b,0.0,0
f807851f5a,0.1239094206450348,2
91127f8cc2,0.0,0
d93d713c55,0.0,0
c9695bff51,0.0,0
254efd9043,0.3596706205273993,4
0532916483,0.1091069502989903,2
c5c4479af6,0.0,0
b9bf0422a6,0.0,0
bcd1e64c58,0.37594353494755417,4
ea6f13458b,0.13792765415155378,2
c3589905df,0.0,0
7791af3409,0.0,0
452b06b003,0.035976865013233994,1
fbc9a1149e,0.0,0
760ca73d1f,0.9219684344672092,10
871be86f43,0.9222625232820312,10
c58124fdc4,0.042054700519556905,1
19b7d2e2bf,0.0,0
8daf098aa9,0.2242917361043035,3
ab6dfe07be,0.3354573081070483,4
5800248c17,0.0,0
d19827b32b,0.24360356827761984,3
a633b127fc,0.8801097931575336,9
bc811e2c1f,0.038721693951573384,1
34831dcd0c,0.0,0
f6c784904d,0.09783354573081073,1
e0b778dacd,0.9604940692089012,10
2e035505d6,0.4811293010489168,5
697fee88c5,0.8434467209097147,9
1b2daa0f13,0.0,0
b097a1f9e0,0.0,0
5575337f66,0.01882168414861288,1
eac822921e,0.0,0
d3d19422ca,0.9860797960984216,10
ac64f9de3c,0.08097245368101166,1
a8aeef5395,0.0,0
432b8b6a71,0.945299480443094,10
9722dedee7,0.0,0
04c48c9743,0.6579747083619253,7
6e409af2cb,0.0,0
0c19639aeb,0.8516812077247329,9
3fd616ef00,0.9989216743456524,10
8ce1df1a6a,0.0,0
ea5dd02892,0.3358494265268111,4
92c25915f1,0.9142240956768944,10
479cb24efb,0.04783844721105774,1
f0efea3879,0.1623370257817861,2
2903f6a1db,0.7438486422899716,8
6f19d11809,0.0,0
2be45a7fa3,0.0,0
60584b31d8,0.4303499656896383,5
f11f8eab00,0.5257327712969316,6
98b1f3fb9c,0.0,0
25edb9edb3,0.0,0
70db04a203,0.030095088716792468,1
89562d9f7d,0.2331144005489658,3
39f101a807,0.3003627095382805,4
0473e496e2,0.0,0
ba836c5ae1,0.46260170571512604,5
e51599adb5,0.0,0
b2f87059da,0.1116557200274483,2
fbf5c91d9e,0.3905499460837173,4
ce31ab9b97,0.0,0
fc6e9d0385,0.15292618370747965,2
9c298b9575,0.0,0
cd6320c6eb,0.0,0
e0f030eb66,0.4915204391726301,5
337b30caff,0.0,0
4b0c5aad63,0.038721693951573384,1
a854446118,0.2368395255367121,3
a52d7a6cd8,0.9521615527889422,10
31b7874f49,0.3035976865013234,4
a3605816c1,0.7074796588569748,8
2424f4afc7,0.5841584158415841,6
776bdf9043,0.34388785413194783,4
c37e74bffc,0.1189099107930595,2
62a8f89a19,0.0,0
bb6683a533,0.9562787961964512,10
b77cc54800,0.0,0
bc7e49ee18,0.2527203215371042,3
19fdb270d6,0.0,0
020376e68e,0.0,0
894d0e63f5,0.0,0
fff987cdb3,0.704538770708754,8
a05da102a2,0.11587099303989805,2
4bc87727b5,0.6009214782864425,7
0d8ed16206,0.0,0
5b28c5ba50,0.7198313890795021,8
f839d20b06,0.1201842956572885,2
2bd87e0587,0.0,0
90946392e6,0.0,0
40ccdfe09d,0.0,0
1ad2135efa,0.0,0
05f09b380c,0.6471914518184492,7
92cc29d923,0.0,0
3c7e2d60a7,0.4252524262327223,5
f5c2e66754,0.3978041368493285,4
a0c156a4c9,0.21233212430153905,3
ebe64e1d15,0.16263111459660815,2
8e84b940e3,0.0,0
20ed65cbf8,0.0,0
91ea3f1227,0.4052543868248211,5
ae61c09508,0.10508773649642192,2
5f248cf0d6,0.0,0
9267f6cf9c,0.4297617880599941,5
6698a570b8,0.4844623076169003,5
a88dd59036,0.0,0
d433300064,0.2873247720811685,3
734df57cdf,0.2487991373394765,3
999cb0ea3b,0.0,0
4c8132dc73,0.3456523870208803,4
c42abd17f3,0.0,0
107f1047c1,0.0,0
884cd7af00,0.4241741005783747,5
ad0e66eabf,0.0,0
980570ed7e,0.0,0
7f99abfc11,0.7747279678462896,8
a56e87840f,0.0,0
f2d2fefde3,0.010391138123713362,1
628f1de539,0.5530830310753848,6
59dfd4c7e5,0.0,0
5a6cd229a9,0.0,0
8ef76ed16e,0.0,0
56ac0f17be,0.21390059798059013,3
04234be388,0.0,0
ee3b4b8c91,0.503970199000098,6
a07c1fd090,0.885697480639153,9
84af757738,0.0,0
bfbea83faa,0.4099598078619743,5
18e2325a5b,0.0,0
29b5ee6cf5,0.6598372708557985,7
971c96134a,0.0,0
e927f91b12,0.16655229879423586,2
22b0774178,0.0,0
7812fc8116,0.0,0
d514a30db3,0.0,0
961b1310e9,0.17037545338692284,2
eb4efc4c39,0.0,0
38a15dee44,0.2512498774629938,3
ffce5bbb9a,0.3992745809234389,4
fa9ad1caeb,0.0,0
fe801cdc47,0.028232526222919326,1
563191e71a,0.7548279580433291,8
72e05a5a33,0.9024605430840114,10
1b0d74b359,0.0,0
021494f3aa,0.0,0
a5d2da8488,0.0,0
3228f203a3,0.041172434075090684,1
a849a4e373,0.2396823840799921,3
0ebe3ee1ad,0.5005391628271738,6
56b5540fd7,0.9999019703950592,10
0951f85203,0.10312714439760808,2
8063c65b57,0.09401039113812372,1
cff87534c4,0.0,0
e34c1220b1,0.9948044309381432,10
9d354bc9e7,0.0,0
7d52a376a7,0.07626703264385845,1
58a51c861e,0.0,0
a78e36d77b,0.0,0
29c033e8e4,0.0,0
cab2f6614c,0.1821390059798059,2
71a31f4356,0.9705911185177925,10
35499d9dd6,0.0,0
abd1e3e008,0.6576806195471032,7
b637a7621a,0.0,0
17a6639049,0.0,0
1167a2bec9,0.0,0
af7e9d7648,0.30702872267424763,4
b3f6affa39,0.8534457406136653,9
be6cf5cf86,0.5866091559651014,6
d25a2d736a,0.6271934124105479,7
bdb45f92c7,0.02715420056857171,1
70cef9fcb6,0.0,0
2226df3ca1,0.33143809430448,4
5936740d48,0.0,0
1790f3520c,0.8335457308107048,9
2ebe2eba03,0.43476129791196944,5
d6b87a521f,0.0,0
c92c37ecd7,0.03146750318596216,1
5326fad561,0.0,0
b014624db2,0.4336829722576218,5
94b3a9ed9c,0.30046073914322124,4
f64190c47e,0.4306440545044604,5
7dfdf6eeb8,0.0,0
bf72590547,0.09999019703950593,1
90194208b9,0.0,0
6e3634da35,0.0,0
c156fd6d44,0.0,0
7268aedee7,0.0,0
31250cef62,0.02872267424762278,1
063cf2a23a,0.0,0
8b01d00cb0,0.0,0
a70b2204f0,0.628467797274777,7
e2a70ffdf6,0.8953043819233408,9
c256f6e713,0.2778159004019214,3
7716aa7b58,0.0,0
f8b721f632,0.08940299970591119,1
90704ffe69,0.5264189785315165,6
ed60e1c64a,0.0,0
3f2865df45,0.5317125771983139,6
d84e52cb6e,0.0,0
fa9b3f2aa9,0.104107440447015,2
3687839ecc,0.7965885697480639,8
66cfa202e5,0.7646309185373983,8
9e426ec524,0.12410547985491617,2
0f9b1dbc3f,0.05832761493971179,1
b342a4959d,0.9378492304676012,10
4ca8350f11,0.0,0
cd6140444f,0.0,0
25a9f40814,0.009704930889128516,1
96d1d6138a,0.0,0
fc4c223773,0.16988530536221938,2
a69586db4e,0.9383393784923046,10
e9f4d6f927,0.9741201842956572,10
608574722a,0.0,0
20a4dad0c1,0.5188706989510832,6
2b160a1291,0.0,0
8ca104baef,0.01774335849426527,1
b94a5b0bda,0.0,0
b690abdc09,0.9954906381727282,10
1b5c4051d4,0.0,0
875dda3975,0.0,0
9db11d4414,0.6218998137437506,7
2787bfe603,0.10400941084207432,2
6f5c2712b1,0.5609253994706401,6
668b41c03e,0.18507989412802667,2
ea1a6e1b33,0.32751691010685224,4
f78361aa48,0.0,0
13adf02399,0.8504068228605038,9
444dcc147b,0.15429859817664934,2
ee7ff3b2fe,0.13410449955886675,2
40b45f1871,0.0,0
6940237693,0.0,0
77ecd76754,0.0,0
44efef9c4f,0.0,0
df47f2e681,0.12479168708950104,2
e639615636,0.6182727183609449,7
38ed2aa7cb,0.10361729242231152,2
2a49169951,0.2293892755612195,3
f507d4f122,0.0,0
b67c735ff6,0.07479658856974808,1
fff2abcaf9,0.0,0
6a3d92ce59,0.0,0
9678fb935e,0.595039701990001,6
dc710565e6,0.0,0
c66a8f70e4,0.0,0
84e540208f,0.17125771983138907,2
7ba58ee1be,0.8768748161944907,9
83558aa4b8,0.17655131849818645,2
ceca04aa2a,0.4993628075678855,5
6a1fe1a81e,0.5278894226056269,6
7ec64d2b8e,0.0,0
bfac8e63cb,0.0,0
47398efeb4,0.0,0
7a696bb878,0.0,0
bc79fe1a3a,0.27948240368591315,3
e5df7166bc,0.01813547691402804,1
5c8ce5869b,0.07028722674247623,1
e9d39cddd7,0.5919027546318988,6
02d40993ab,0.6406234682874228,7
114397189f,0.15165179884325067,2
5c65a9775b,0.0,0
77608c7770,0.0,0
022b1b01be,0.0,0
de39c2b892,0.9680423487893344,10
24d67576d0,0.0,0
19902af6bd,0.30193118321733164,4
376e55e566,0.976178805999412,10
6cf284fb9e,0.4564258406038624,5
a783bd82c5,0.0,0
7972b70832,0.25693559454955395,3
a5c4007b7b,0.0,0
50251a9572,0.0,0
1d7a812c76,0.0,0
2eae73b03a,0.0,0
ef6229f0db,0.0,0
f76c6bc5d0,0.0,0
5489a9e706,0.0,0
4d7b42314d,0.5680815606313107,6
ea54256d21,0.5721988040388197,6
397f00cf61,0.9919615723948632,10
17dde2138e,0.012351730222527205,1
95af8ca744,0.36829722576218016,4
6252a820da,0.8728556023919224,9
dc4a1c9a30,0.2119400058817763,3
624bd59549,0.0,0
ba2a5fbf4c,0.15547495343593765,2
b6bbd06618,0.13792765415155378,2
7488e076ca,0.0,0
1414606ab4,0.9861778257033624,10
65eca0ad70,0.0,0
90a57bacf0,0.0,0
fc13dabcbb,0.14586805215174986,2
ec10996820,0.469267718851093,5
d6471dc0a3,0.0,0
340c808130,0.11567493383001665,2
7e92ab6fe8,0.0,0
ed24549a3f,0.0,0
8f5af7f42a,0.0,0
008a50a2ec,0.004313302617390453,1
c4911615e1,0.0,0
63bed65d65,0.24497598274678956,3
e39ded223d,0.4748554063327125,5
619edf8941,0.0,0
2bca4fe522,0.0272522301735124,1
623565cb2c,0.0,0
0faaf196b4,0.3722184099598079,4
9522339a9a,0.0,0
486ae46ba0,0.4941672385060288,5
3a3e1e824d,0.16400352906577784,2
481ed855f2,0.07714929908832467,1
c82dabf9b1,0.28507009116753257,3
17113fd0bd,0.5647485540633271,6
5e58ed4adb,0.8414861288109009,9
1621c14879,0.9600039211841976,10
8457263314,0.1139104009410842,2
23e5717c0f,0.9890206842466424,10
4015200239,0.0,0
4d03329aa4,0.0,0
57293a65d5,0.7316929712773258,8
97a10a3ba0,0.6379766689540242,7
67dfa4bcf5,0.4893637878639349,5
820c4570b1,0.0,0
e8d6412ed8,0.0,0
2da763222e,0.466424860307813,5
8ae916bb5c,0.15802372316439564,2
e96a030ded,0.0,0
6272ae54bc,0.009508871679247131,1
e1009fa370,0.016763062444858347,1
08f3346b8a,0.1836094500539163,2
eec3f628d6,0.0,0
ed7251fc01,0.21968434467209094,3
1ac4fd8022,0.17664934810312716,2
8e280f2c87,0.6741495931771395,7
4f6328bf93,0.050387216939515735,1
8f08f4e9f2,0.0,0
58789490d6,0.0,0
9128b824e5,0.0,0
97bd8b22b1,0.0,0
90990cd2ba,0.5462209587295364,6
d80ead8703,0.6500343103617292,7
b852505678,0.0,0
7c0447f939,0.0,0
a239bfe21a,0.0,0
4b15912a41,0.10479364768159984,2
8555cb627a,0.29428487403195763,3
1f33387a8e,0.28977551220468584,3
9d23bc70b8,0.0,0
228f9cee2e,0.0,0
7f9f13c0d0,0.8762866385648466,9
6306dd3a8e,0.07871777276737575,1
05d9351a35,0.15165179884325067,2
5a81181e41,0.0,0
7576a8a091,0.4608371728261935,5
7277ef5fef,0.0867562003725125,1
befdfcbe5b,0.2219390255857269,3
a6a3383416,0.10361729242231152,2
fa50e86a72,0.0,0
c920246511,0.0,0
d18a64f984,0.0,0
211dca3b80,0.4487795314184884,5
ec212b3d2d,0.03362415449465739,1
5fabfdc0b6,0.24487795314184885,3
09541ce79b,0.24723066366042545,3
09ee5831f4,0.043819233408489366,1
25f532d7cc,0.16174884815214194,2
c313a1ad7d,0.22360552886971866,3
d4e9588d7c,0.0,0
ea2fe8434f,0.0,0
44047c3e10,0.0,0
93a8901635,0.21370453877070875,3
d916ac7864,0.4225075972943829,5
97e78a5448,0.15645524948534456,2
c6612326fa,0.6448387412998725,7
2775c5f447,0.44319184393686895,5
6a6ebb2255,0.4789726497402215,5
eff595dbcc,0.0,0
b4e23ae450,0.7360062738947162,8
6419fd454b,0.0,0
56a4e5c1e5,0.5413194784825017,6
903206854b,0.04029016763062445,1
869f99406d,0.4506420939123616,5
084d3ed9c8,0.5316145475933732,6
90bf0125af,0.0,0
387b6956c4,0.16929712773257524,2
6c8ad32f36,0.7915890598960886,8
51acfd1399,0.8367807077737477,9
3f9df26c0c,0.0,0
26281da345,0.3837859033428096,4
9895f188e8,0.18792275267130676,2
680ce5b666,0.032937947260072535,1
935cba59ad,0.0,0
b5a47c646f,0.0,0
ff8bf1417c,0.0,0
9a71e8563b,0.0,0
9f459445b6,0.3339868640329379,4
0b73b427d1,0.40819527497304187,5
bd4f797d33,0.5484756396431723,6
164873b51f,0.0,0
fff6522bd1,0.08685422997745319,1
bfcd0fb5ac,0.101558670718557,2
2f8e4f82fd,0.0,0
f6576d4cbe,0.10920497990393101,2
af6fe9a9c8,0.6359180472502696,7
b70f0ab0c2,0.22066464072149788,3
9347c39706,0.2899715714145672,3
a163126d96,0.8573669248112931,9
9ba564058f,0.7294382903636898,8
fe85864f8f,0.0,0
c673bebe29,0.9058915792569356,10
56974f6864,0.0,0
c59e5f46c0,0.7871777276737575,8
c307912941,0.0,0
fdd73141d6,0.8338398196255269,9
7ec58d0743,0.0,0
6baf05d61e,0.0,0
99d7f0c538,0.5889618664836781,6
64f41e36f2,0.0,0
1ca865b041,0.23732967356141554,3
cbbf379ef8,0.029212822272326237,1
056bfa0cc8,0.0,0
30cb1002fb,0.2973237917851191,3
27f923aac9,0.556514067248309,6
65e2650a80,0.0,0
16a9609841,0.0,0
0923f7bef9,0.0,0
b6bd6424eb,0.0,0
b0a2fe2a63,0.0,0
83645a3b6f,0.052837957063033035,1
7769e240f0,0.0,0
5d7424eab2,0.6887560043133026,7
4e89a919ed,0.0,0
3b5e9c6e05,0.01499852955592589,1
c7c3a8a806,0.0781295951377316,1
bcbe3c0ee2,0.16910106852269385,2
2d3c0a68f9,0.0,0
91c003779c,0.0,0
ca393f0eaf,0.0,0
81ab8c6bb7,0.0,0
55111519ec,0.0,0
6cafc8475b,0.0,0
223e0c3942,0.0,0
cadfbf8011,0.9982354671110676,10
7140b36ff6,0.11420448975590627,2
57f8b13094,0.0,0
5b3b86341f,0.012155671012645818,1
9fff0319cd,0.9932359572590922,10
d531fa41aa,0.0,0
3a690dbd1b,0.04479952945789629,1
2fa4260cde,0.0,0
78c50b3977,0.12116459170669545,2
7aa7e1b355,0.2477208116851289,3
891fa63295,0.5833741790020586,6
7d41b0a6e1,0.42358592294873054,5
ab7d09443f,0.4993628075678855,5
aede306d15,0.0,0
a3079aded1,0.623076169003039,7
3598c246d7,0.4154494657386531,5
88839f49f9,0.12557592392902656,2
c56524ded9,0.6295461229291246,7
9718102ef6,0.4975002450740124,5
b28aeb78e0,0.15331830212724246,2
52e7de7430,0.15537692383099694,2
e1bd09e50b,0.14527987452210567,2
1d2382ac3f,0.0,0
a27e64c2f7,0.0,0
911efbb175,0.4018233506518969,5
8686b3a5d4,0.5826879717674738,6
4e41f7a5df,0.0,0
0c376f6728,0.3038917753161455,4
b07fc3b87c,0.7376727771787079,8
ebcd41b5f1,0.2740907754141751,3
eeecc7ab39,0.8811881188118812,9
e2dd6ebd6b,0.1177335555337712,2
f2e9faa785,0.5585726889520636,6
b095375d19,0.9367709048132536,10
774ee8afcf,0.13312420350945986,2
958a3dd464,0.0,0
0b7b00ebfd,0.0,0
26ae98fddb,0.0,0
5a6fa22207,0.2426232722282129,3
c8adc706f5,0.6847367905107342,7
740d34befe,0.2526222919321635,3
98f91cd1b8,0.0,0
e337021e6a,0.0,0
24bf79cd1e,0.5831781197921773,6
dd580d1681,0.18027644348593275,2
e199174d64,0.0,0
56d025f76c,0.0,0
500d909b87,0.29771591020488186,3
feadf0e85d,0.29928438388393297,3
2356ec6570,0.0,0
ea1332b03d,0.0,0
8dc946b34d,0.3765317125771983,4
72ef4718f3,0.0,0
b833fdb882,0.9512792863444759,10
94551e800f,0.08979511812567395,1
45a7562dbf,0.0,0
060f14fcee,0.8636408195274973,9
b6804bfa43,0.9171649838251152,10
9382a047a8,0.12322321341044995,2
9fabca6b17,0.0,0
8b0d0b0633,0.025977845309283404,1
ae6ea6e613,0.0,0
8c38199b15,0.1175374963238898,2
48d34846d7,0.8039407901186159,9
3b2f902ec6,0.0,0
c2395da60e,0.0,0
66c603a013,0.8703068326634643,9
c50ba562ef,0.0,0
6ecba60505,0.2439956866973826,3
f7ff576dc4,0.10989118713851584,2
a12d2c10a9,0.01176355259288305,1
8164beeaf5,0.0,0
a701844e9a,0.8964807371826291,9
5c616dea00,0.0,0
5378360450,0.5576904225075973,6
65e01bd65f,0.6048426624840701,7
d8bed49320,0.0,0
465463b009,0.0,0
9260b4f758,0.0,0
87c6bf0012,0.09106950298990296,1
aa1cd9fb71,0.24615233800607786,3
70a32506ab,0.4618174688756004,5
230b98e713,0.0,0
33ba7dd9a1,0.0,0
9bc9c403e0,0.0,0
6ef46555e2,0.3122242917361043,4
44381a3f55,0.0,0
fad11bf2fa,0.601411626311146,7
7b2032d7d1,0.0,0
f122ead5f2,0.06656210175472993,1
ef58213c9b,0.0,0
ed66549524,0.0,0
69098163e1,0.7537496323889815,8
c4ee594685,0.7446328791294972,8
7a095f0b21,0.7008136457210078,8
e88b8de75c,0.0,0
ba1ae7a6c7,0.0,0
b1ac5ed0b3,0.0,0
ff238df1c4,0.4777962944809333,5
a1dae195e7,0.9880403881972356,10
f566a7cbc6,0.0,0
d2b40a2781,0.6066071953730027,7
71f724c7ef,0.8980492108616802,9
a92f49d2d9,0.0,0
578aefa47e,0.08136457210077444,1
b521c9ddf3,0.9812763454563278,10
7d8e29261b,0.01725321046956181,1
5717740aa6,0.0,0
8612ca9286,0.0,0
60a0ca8d0e,0.015096559160866581,1
4ff5c5ef47,0.0,0
3862950849,0.2081168512890893,3
fe0ff502fb,0.0,0
75d0e44b1c,0.030095088716792468,1
2b405e7016,0.0,0
5ad7172ca7,0.0,0
178bd2185d,0.0,0
33820f50d8,0.0,0
060cdfded5,0.0,0
9dc604318f,0.0,0
c1431cfade,0.5849426526811097,6
a0729c7a02,0.1398882462503676,2
e358121d19,0.4305460248995197,5
ba4781de48,0.0,0
c26d515fdb,0.0,0
a7fa6dd049,0.058425644544652475,1
30307d5103,0.18909910793059506,2
25f2e30c66,0.0,0
505483d249,0.06479756886579748,1
82a285227e,0.5525928830506813,6
4a11c0f4ad,0.0,0
af296d1c0a,0.2131163611410646,3
812c804456,0.0,0
d6987190ea,0.0,0
d2e14828d5,0.0,0
b39fe87a25,0.0941084207430644,1
bf76c8aff3,0.12822272326242526,2
824152cf1c,0.018233506518968733,1
4b17d5fb8f,0.0,0
20349d0a12,0.2627193412410548,3
740070f15a,0.0,0
c80f09bee6,0.4728948142338986,5
7b815ae7fb,0.2853641799823547,3
d944700bae,0.0,0
9090f8f97b,0.14527987452210567,2
fbfa863bd4,0.5306342515439663,6
9b5bed5c6f,0.0,0
930cbb8ccb,0.0,0
7f0e67d5ec,0.3636898343299677,4
22398d77b8,0.0,0
ebe8198105,0.3593765317125772,4
857e511397,0.4644642682089991,5
d3c9529867,0.800705813155573,9
6e691f1825,0.0,0
808cbefd71,0.0,0
e366f9d62b,0.7712969316733653,8
eb91416afe,0.24674051563572197,3
0061281eea,0.5398490344083914,6
bebae78c6a,0.0,0
f409d55fee,0.7826683658464857,8
877d1a7ebe,0.0,0
c0fe58323e,0.0,0
399694c381,0.0,0
b4e61836df,0.0,0
8a55cca47a,0.5411234192726203,6
0fcbd0567b,0.0,0
eead2fc101,0.0,0
9694a662dc,0.0,0
be4db8ff8a,0.0,0
25c415e373,0.0,0
b15313d4e8,0.6624840701891971,7
31b003483c,0.11861582197823745,2
40a7f422e2,0.8523674149593177,9
9ecc1f5457,0.0,0
1bebafb9f3,0.0,0
3a5e5f4202,0.003234976963042839,1
7135ca553a,0.0,0
269b6cad0d,0.0,0
24a38972a3,0.0,0
90b1a59d1b,0.8373688854033918,9
5f8370ed60,0.3854524066268013,4
c33e3a20a4,0.106656210175473,2
919157e393,0.46260170571512604,5
641ef8ba11,0.0,0
4864559ba5,0.0,0
6cf6889e33,0.0,0
5cefe5b52c,0.0,0
c8bd99cbb0,0.6441525340652877,7
07cbc65347,0.0,0
a7254b3aa6,0.02636996372904617,1
7e5cdca0b7,0.19488285462209587,2
4630209118,0.4223115380845015,5
881407fa84,0.0,0
a5005ea567,0.3285952357611999,4
280dcd0b2d,0.0,0
9e8e175c01,0.009018723654543672,1
ff9d2e9ba7,0.0,0
9ca520f895,0.4655425938633467,5
2f4fb95bb7,0.4009410842074306,5
b7dc0d87fd,0.0,0
0e16439e05,0.9870600921478286,10
29162a3471,0.9823546711106754,10
f454efbd20,0.6705224977943339,7
7e68df3981,0.4130967552200765,5
9f0c9f3b90,0.4171159690226449,5
23c72b10cb,0.5391628271738065,6
1804b11f9a,0.0,0
53b480e29f,0.0,0
f599fad413,0.9768650132339968,10
8824cdcbf0,0.7230663660425448,8
d465b396f2,0.016959121654739732,1
b7c462dd1c,0.7101264581903735,8
ca82310ee1,0.9825507303205568,10
f463f6b15b,0.6049406920890109,7
c5493cc7b0,0.28095284776002355,3
f8ca1f5c5a,0.5939613763356534,6
27f6632fd1,0.0,0
f362d474b7,0.0,0
753371cca5,0.0,0
186d861771,0.04499558866777767,1
fadd701a33,0.0,0
631dacfc0f,0.34192726203313395,4
7f5914b74a,0.0,0
20b11dcfb8,0.4509361827271836,5
9eaf536a63,0.9947064013332026,10
58edb9b58c,0.0,0
e3e92cc747,0.0,0
7db7a5fb8f,0.0,0
03c9b5ffe8,0.15027938437408098,2
ec5afeae66,0.0,0
1c78d88cb8,0.0,0
87cf2c6542,0.07969806881678268,1
1a0996a817,0.14655425938633468,2
bf294b9661,0.5078913831977258,6
9b09626522,0.0,0
829ebfbb32,0.0,0
3b9586e2ff,0.028624644642682086,1
24cb80b5da,0.22007646309185372,3
7fa6578978,0.030781295951377317,1
6a1fd3c67e,0.4046662091951769,5
ed761ad8ef,0.8989314773061464,9
2a26fb616b,0.16282717380648956,2
6da04e4c20,0.0,0
f5e72111d0,0.0,0
8978bc57b7,0.8619743162435055,9
0e53e6294a,0.8557004215273012,9
2eca5f70b1,0.2220370551906676,3
b981d35c43,0.0,0
8fd4178b11,0.26595431820409765,3
5f1df5e4a8,0.006764042740907754,1
85bca2aade,0.0,0
38438eab6c,0.5032839917655132,6
d8f80479ac,0.0,0
8e7324c8ed,0.0,0
dc7c506beb,0.8215861190079404,9
89340d64ab,0.0,0
c70619fb09,0.0,0
93b51f6335,0.3510440152926184,4
725a0ae373,0.9423585922948732,10
86365721e2,0.6950298990295071,7
27c4850501,0.7139496127830605,8
ce3e6bba2e,0.0,0
66cd32da94,0.34114302519360845,4
3c10a71f62,0.26595431820409765,3
28e3c1128c,0.0,0
54a3636ba6,0.4722086069993138,5
8d70a676cd,0.0,0
c1ed7e8344,0.0,0
b9fb7882a0,0.032937947260072535,1
4ed2467e7c,0.2988922654641702,3
0b9cb1205a,0.03431036172924224,1
25fb3a895a,0.0,0
10a1a5b78f,0.1179296147436526,2
edd5fc6648,0.1228310949906872,2
263bd9dfd6,0.5029899029506911,6
35f3cb48d6,0.0,0
5691530ff4,0.060484266248407026,1
d56050d3ab,0.09322615429859818,1
91823ecb1f,0.07705126948338398,1
b6520147bb,0.4502499754925988,5
d274664a41,0.0,0
d69c382be5,0.0831291049897069,1
2ecb2b0797,0.09244191745907264,1
ef060b82b1,0.3569257915890599,4
c82f7676ac,0.0,0
c356f76804,0.9765709244191746,10
489a8fd021,0.0,0
70d9a282d1,0.5795510244093717,6
9ca1ebe351,0.0,0
387aa87ae2,0.0,0
878566ab56,0.02715420056857171,1
b40844d201,0.09695127928634448,1
ec857f4518,0.0,0
fe37eddf8e,0.0,0
78be8270bb,0.8153122242917361,9
dc0119712d,0.0,0
3358462c1b,0.4393686893441819,5
1435d5602c,0.1353788844230958,2
0ea5ea6946,0.0,0
e843caea8f,0.5015194588765808,6
b0e479668d,0.0,0
5dfa4cfa2d,0.7776688559945103,8
020678ec1b,0.460052935986668,5
d059fcb2fd,0.0,0
7f2694ca3f,0.5902362513479069,6
eeca9d6a63,0.0,0
c1503fb0ec,0.0,0
016fc8031c,0.0,0
8e93b66386,0.6819919615723948,7
10aa115164,0.1325360258798157,2
f42a7e65f2,0.0,0
04cd9599a3,0.6357219880403882,7
0461a2fb30,0.0,0
3734601c15,0.16772865405352416,2
1463aee5b3,0.0,0
c29c36a1e8,0.4195667091461621,5
40bb5a9cbe,0.3762376237623761,4
45a2a01008,0.0,0
6c25735f24,0.0,0
30e4d22141,0.0,0
19cc342b91,0.1499852955592589,2
18c4cdefec,0.0,0
5d600057f5,0.0483285952357612,1
d9044ee3c6,0.012253700617586509,1
565d2342f2,0.3106558180570532,4
7b5d5d40fe,0.8160964611312617,9
3c1097c378,0.01637094402509558,1
63532a858b,0.0,0
b4b225aaa8,0.6363101656700324,7
1b6919f87c,0.5686697382609548,6
6150f39f8d,0.0,0
766784f810,0.5076953239878443,6
1c41821d13,0.5451426330751887,6
dfa4d727b8,0.7729634349573571,8
4d341171a4,0.132437996274875,2
fa9da6a455,0.0,0
ba705c8398,0.16067052249779434,2
aa21ba676c,0.1587099303989805,2
488f5f133e,0.9878443289873542,10
66eeb09788,0.0656798353102637,1
6f79e6d54b,0.0,0
bdb9ba462f,0.2293892755612195,3
aae8971d6e,0.030585236741495925,1
7114209cf0,0.0,0
3c2ea1a63f,0.0,0
8c8c2012e7,0.9216743456523872,10
04f7a73f2b,0.0,0
fdc1ac926a,0.0,0
5ffd928d1e,0.2435055386726792,3
a826e5e6e5,0.011371434173120282,1
b9fd9429e3,0.3241839035388687,4
dea0a56bab,0.0,0
8c99d8c85f,0.0,0
182ea1798b,0.14047642388001175,2
51be9fc3d5,0.0,0
7e138bf911,0.5770022546809136,6
20c99dee06,0.0,0
9f96821d81,0.3412410547985492,4
9a4864ff06,0.0,0
9daa6c133f,0.14194686795412215,2
1313dbf1d7,0.0,0
10e835f9ab,0.7977649250073522,8
cc876896b5,0.0,0
8e3228d793,0.4058425644544653,5
53c79255ba,0.7757082638956965,8
a7bc02b7d4,0.07460052935986668,1
bc3156b1e4,0.1438094304479953,2
68b6abcefc,0.0,0
c9f7f4020f,0.453975100480345,5
9e966d733c,0.06871875306342515,1
569f85c4ce,0.0,0
1037da2ff7,0.7456131751789041,8
7c9c01ebe8,0.0,0
a2b7af2907,0.0,0
3525fcea1e,0.0,0
38c0d9ca8e,0.28457994314282914,3
4ad2ddacfc,0.9675522007646308,10
085e7a048e,0.041858641309675516,1
ae6b6df24d,0.0,0
6457057cec,0.036467013037937465,1
6c793e5879,0.8627585530830311,9
91bfe61493,0.6967944319184394,7
a33ef5ed68,0.15174982844819135,2
b33e244157,0.0,0
90b14e3f04,0.6556219978433487,7
287b0f197f,0.0,0
6dfaae4996,0.2227232624252524,3
e7e9165d9b,0.0,0
c576ef893a,0.4599549063817273,5
457f80b1c5,0.0,0
176ad39bc7,0.2705617096363101,3
8b0478ed02,0.6565042642878149,7
380ff30e30,0.5214194686795413,6
d9457c3b1c,0.2762474267228703,3
8d9b8d724a,0.0,0
46b424e067,0.25468091363591805,3
d0aeb260e8,0.04734829918635428,1
fb9b58527c,0.10234290755808254,2
8d9314a9f4,0.6576806195471032,7
6af48dfcdd,0.037153220272522304,1
6e86fed535,0.6958141358690324,7
75b4a808b3,0.0,0
a5eedd418a,0.3049701009704931,4
e082398595,0.0,0
a15eff2958,0.14331928242329184,2
7de09d894b,0.8157043427114988,9
a54d582262,0.7128712871287128,8
aa56279e8f,0.0,0
06d3201dd0,0.4547593373198706,5
42c563d895,0.9791196941476326,10
df3a1c2d7b,0.19978433486913047,2
2fa889172a,0.331732183119302,4
359128303c,0.0,0
4a39459597,0.6842466424860307,7
1a1b0c1549,0.016763062444858347,1
d2b77b255b,0.2481129301048917,3
67bc6ac1f4,0.3595725909224586,4
e0dade9896,0.0,0
ad6fe18943,0.09361827271836094,1
26527458de,0.0,0
aff87f7ba7,0.5800411724340749,6
4654389112,0.0,0
bbf8c7968a,0.0,0
528cb6678c,0.21635133810410745,3
c4a681819d,0.0,0
9ff59d834b,0.0,0
6738d474a3,0.0,0
b33b1f9db6,0.28556023919223605,3
66b4280f4e,0.3293794726007254,4
51870e8500,0.0,0
7074e402ca,0.8995196549357906,9
1a8c4fd6ea,0.2035094598568768,3
68d00224e0,0.0,0
7beceb5850,0.15929810802862465,2
681ee85a7b,0.0,0
7738fbabca,0.8501127340456818,9
33041df256,0.0,0
0ec68b2e42,0.02872267424762278,1
857f570585,0.0,0
70c7bb7616,0.0,0
c79d52ffc3,0.0,0
5ecf1f5cb4,0.6823840799921577,7
70e5bd9d27,0.9667679639251052,10
8ee20f502e,0.0,0
fd5c3c20d6,0.17419860797960984,2
e69330b40a,0.8358984413292815,9
deec7bb4d9,0.0,0
fc87224914,0.05117145377904127,1
e37b8208fa,0.3648661895892559,4
e929ca0e34,0.0,0
b052410a6a,0.9728457994314282,10
f57e741b5b,0.2816390549946084,3
dfd3138198,0.0,0
94c94ee7b6,0.7103225174002549,8
d7215eb198,0.838251151847858,9
a48b9989ac,0.0,0
885c2a90f5,0.4145671992941869,5
17be1887b9,0.0,0
154948ae6d,0.0,0
64baad8029,0.11998823644740712,2
d3c3988e54,0.010881286148416823,1
ade746d346,0.9857857072835996,10
c5a9c13a77,0.013920203901578276,1
b33771a471,0.0,0
7c61d788af,0.0,0
180f0a1854,0.1353788844230958,2
e63196d890,0.0,0
1821c518da,0.20801882168414865,3
8c4ac14f53,0.35094598568767765,4
be1f425eac,0.5054406430742084,6
7e78a47cee,0.734143711400843,8
b5448cb40a,0.18380550926379768,2
1c3397d0ef,0.5105381825311244,6
d61250af0c,0.8039407901186159,9
12c92c9f70,0.10685226938535436,2
190ea39ec4,0.13351632192922264,2
d390b1cbef,0.0,0
ed2b73840d,0.4482893833937849,5
9737133eff,0.0,0
f0e7e06354,0.4550534261346927,5
0389fc6012,0.13792765415155378,2
f083e6692d,0.992059601999804,10
4433b159db,0.0,0
27efc3195e,0.0,0
5559e0ceab,0.9156945397510048,10
df32c11fe8,0.0,0
4079c73376,0.8926575825899422,9
136af05158,0.815018135476914,9
258a5db63e,0.0,0
b11110b854,0.0,0
f6a89b6f89,0.33555533771198903,4
d12d5894b8,0.2624252524262327,3
86c675c4fb,0.0,0
27e12cbcea,0.6972845799431429,7
c45c9617bf,0.3051661601803745,4
0aea45ba8f,0.0,0
e1280ddc3c,0.061562591902754635,1
e1c6994595,0.0,0
02adf272e9,0.4101558670718557,5
407bd44d31,0.8719733359474562,9
365bdf0ae1,0.0,0
17a8b7e7f3,0.5282815410253897,6
769d51b80b,0.0,0
cc15d94784,0.0,0
dc05ed2596,0.0,0
2b55bdbda1,0.018625624938731496,1
bf00a0ab71,0.3717282619351044,4
8b4189c2a4,0.280168610920498,3
a89fc2586a,0.04538770708754044,1
c70153909b,0.0,0
c02071548b,0.9993137927654152,10
7df36788a9,0.0,0
8c1db0fc39,0.9358886383687872,10
8409fed45c,0.0,0
9c08332067,0.0,0
809cb34e8d,0.8919713753553573,9
65ef110246,0.6468973630036271,7
a07f9159e0,0.0,0
82f186d2ac,0.0,0
548887f17d,0.15939613763356533,2
89ba98210c,0.0,0
3ce41108fe,0.0198019801980198,1
e80ac14b0f,0.0,0
2a9190ed84,0.4789726497402215,5
12a953a079,0.0,0
fdabdc4399,0.0,0
28df927e87,0.8558964807371826,9
0f20f0242c,0.0,0
28f6f52c8f,0.6705224977943339,7
a8bfe7072c,0.0,0
1fba03699e,0.04774041760611705,1
b911d46acb,0.0,0
d0244d6c38,0.0,0
2d4e7a937b,0.0,0
571e63d0bc,0.8002156651308695,9
5aee63c515,0.19145181844917164,2
981f73e811,0.2805607293402608,3
851a37ac37,0.0,0
418a13df5c,0.14184883834918147,2
4e7d4502bc,0.0,0
ffb2ad3f94,0.9609842172336044,10
9704b1ba61,0.2796784628957945,3
84eb2c400b,0.2357611998823645,3
4d684d99cc,0.0,0
775bc235d0,0.966865993530046,10
c66a9ea31d,0.9980394079011862,10
4618b50b42,0.0,0
cd292b7c8d,0.0,0
2da9564e53,0.0,0
66891ec970,0.8443289873541809,9
c824b8afaa,0.0,0
565f9c3fce,0.0,0
5701bbfe46,0.0,0
c39f317ad0,0.0,0
9bf022776e,0.04372120380354867,1
7cbfebdf9d,0.4285854328007058,5
17bb0d4b3e,0.948142338986374,10
b6c52b4a53,0.4859327516910107,5
fee35c9fa9,0.6037643368297225,7
9917602913,0.0,0
213e0a9f7b,0.0,0
ede9c03a6f,0.0,0
51ede1c702,0.17655131849818645,2
0977568b54,0.0,0
e683e8ae69,0.0,0
28d42de29f,0.09489265758258994,1
143eefe05a,0.0,0
6c6c1cbae9,0.0,0
3d781526c2,0.3782962454661308,4
71507ccc96,0.0,0
eb5e2a6b3a,0.0,0
3fc79d2ece,0.0,0
1d9f4e875a,0.9956866973826096,10
a59385755d,0.0,0
3d4bc58424,0.11293010489167728,2
be9ce6a9d7,0.11253798647191453,2
7a817b12b4,0.0,0
c023a62b96,0.8579551024409372,9
61df7e1f4d,0.0,0
4a8d55bdf5,0.5661209685324968,6
363a171d90,0.0,0
61321814ce,0.7818841290069601,8
02206b234e,0.0,0
54629440c9,0.0,0
d17eee846e,0.4267228703068327,5
590f7ae6e7,0.0,0
85e6b4cb1c,0.6655229879423586,7
08993551ae,0.42829134398588375,5
27b5526adb,0.0,0
69cddf572c,0.5623958435447505,6
e5c26c8634,0.0,0
740e4ce45d,0.0,0
bb2160921c,0.5180864621115577,6
ddd3099877,0.5805313204587785,6
61cfb43abf,0.0,0
1c9fa3dff4,0.023625134790706798,1
da84ed2423,0.0,0
45f292bb41,0.44534849524556414,5
573f9f58c4,0.0,0
d606f4a578,0.2420350945985688,3
f4638e7428,0.8175669052053721,9
edfe5ae3ef,0.0,0
77415e7cda,0.0,0
e6ac2a35cd,0.9656896382707578,10
087192e2ec,0.05538672679149103,1
aff8ae9d4d,0.0,0
1ebc029ba0,0.3640819527497304,4
ebf89446f2,0.17527693363395747,2
ac6289352d,0.0,0
ff9b7d0d2e,0.33516321929222626,4
f7dc2b2c9a,0.7418880501911578,8
19d821e8e4,0.0,0
fcdf2756aa,0.0,0
1c20fc4477,0.4143711400843055,5
1b073494ab,0.9638270757768846,10
a3bea8f266,0.4565238702088031,5
6a105e7555,0.7028722674247623,8
3dae882971,0.12479168708950104,2
f5a92d1356,0.04509361827271837,1
2ffe02e882,0.0,0
0762a99eb4,0.0,0
e37a3da5b2,0.0,0
a98d950667,0.0,0
d468d401ab,0.3512400745024998,4
ef03d3e2fa,0.1573375159298108,2
efc705478f,0.8029604940692089,9
7ce6463bc8,0.0,0
4e47ff086f,0.0,0
e2063ce131,0.0,0
27c45fef01,0.0,0
a291ef5d83,0.37957063033035976,4
36b768bfa7,0.0,0
bec8f132d0,0.0,0
bf71bff284,0.5895500441133222,6
a141ed0c99,0.4055484756396432,5
37c95ff7df,0.06793451622389962,1
86a772adb1,0.9700029408881482,10
a7000441e9,0.0,0
fb1e8578cf,0.4298598176649348,5
7361f4e5bc,0.23350651896872854,3
df8d9625c0,0.2095872953631997,3
4f62a5bb14,0.9738260954808352,10
7a0f1e9b45,0.7630624448583472,8
c72c5ee731,0.0,0
d369e6b550,0.6347416919909813,7
6397715bb4,0.3963336927752181,4
9f54d7807c,0.0,0
a038a2d781,0.5595529850014704,6
aabb4516d1,0.053622193902558575,1
8d3ee9356b,0.0,0
dccf379405,0.0,0
225ae42209,0.9996078815802372,10
3782748f51,0.0,0
77420e5628,0.024801490049995097,1
8bf499cb0c,0.5447505146554259,6
761eaf3fa4,0.168414861288109,2
f3fd020f27,0.4308401137143417,5
aa97ecda8e,0.0,0
ab5fe4fea8,0.0,0
87af5ec058,0.0,0
fb14beb69f,0.9882364474071168,10
32afbf53f6,0.0,0
852873eb7b,0.0,0
bb1e7f303f,0.0,0
628ab35fe8,0.07626703264385845,1
1befe1ba44,0.1609646113126164,2
84b5568c2a,0.16184687775708265,2
ebd623bfc6,0.0,0
26a76b910c,0.01637094402509558,1
0c089f7c1b,0.9276541515537692,10
f9629f4e29,0.7907067934516224,8
52ae147d60,0.0,0
dc4bf302e8,0.935986667973728,10
8d4ba8fd28,0.9110871483187922,10
003c477d7c,0.032937947260072535,1
7019c22c5e,0.09508871679247133,1
e89272a29b,0.8805019115772963,9
881bfee759,0.9712773257523772,10
b8c3ca0fab,0.0,0
01c033e116,0.15400450936182727,2
902d01b7dd,0.0,0
cdf9422054,0.0,0
f1e4acdd7b,0.5877855112243897,6
d70a2f1f23,0.06969904911283208,1
e278cee272,0.05646505244583865,1
3794cd4d73,0.2168414861288109,3
d8b1bbbfdf,0.5472012547789432,6
edc9fb3512,0.0,0
a35792b156,0.4319184393686893,5
24c102ca1f,0.08861876286638565,1
675fcfe29a,0.0,0
eac3fb300e,0.6245466130771493,7
18fc51d517,0.9309871581217528,10
cb2acfd639,0.10312714439760808,2
74d53a0d53,0.3571218507989413,4
16cebad726,0.3805509263797667,4
e3e1afe993,0.5082835016174885,6
5f43816c42,0.5622978139398098,6
cfdc385955,0.4103519262817371,5
32f1039c61,0.35153416331732185,4
14da113475,0.5270071561611607,6
14c16f99d5,0.7728654053524164,8
abed119094,0.0,0
5fe599e1a5,0.0,0
b8236d92ff,0.12606607195372999,2
7053b28de2,0.0,0
90c62cd13b,0.07028722674247623,1
43ec939286,0.6778747181648858,7
16017c8e02,0.0,0
8d28e714e3,0.0,0
1268fbf8c2,0.34918145279874524,4
ad49962b22,0.0,0
0401ae15d3,0.0,0
ec649a86b2,0.4759337319870601,5
5203d6e046,0.04038819723556514,1
df811b26b6,0.0,0
217eeca27e,0.0,0
e39f959114,0.0,0
c89eda8701,0.4014312322321341,5
5990041346,0.0,0
5e85356a28,0.0,0
e41a05735d,0.0,0
6a7506aa1e,0.266150377413979,3
51d1696054,0.9686305264189784,10
1bd1c8c771,0.6535633761395941,7
a245c6d001,0.4242721301833154,5
5f51a19f9e,0.91216547397314,10
a531b78648,0.0,0
7fd5baaee8,0.0,0
69bb149e2d,0.0,0
7572c78534,0.0,0
4ebed82264,0.14302519360846974,2
8c9b19f267,0.0,0
abd889c82f,0.0,0
44c8aed146,0.0,0
77c071c12d,0.10930300950887167,2
59597a8431,0.0,0
4fd99d2b52,0.0,0
14a89a1840,0.1937064993628076,2
2874150952,0.0,0
4d4adc5623,0.6442505636702284,7
ec542d0719,0.0,0
1931feb9b8,0.0,0
1925c11fce,0.0,0
87986259f0,0.0,0
e54c815e85,0.0,0
ee5c6d6639,0.0,0
942d3bfbf3,0.4577982550730321,5
23bbdfd154,0.0,0
0ad38c8f25,0.038133516321929226,1
930dcd571a,0.9314773061464562,10
ff89e5e3cd,0.4773061464562298,5
7f2642a14a,0.1646897363003627,2
01323211a0,0.16714047642388002,2
c137712b61,0.29212822272326244,3
55e9012561,0.0,0
5c51c23a7b,0.30320556808156063,4
9d7165c9c0,0.0,0
35b34a9da1,0.9996078815802372,10
6285015437,0.0,0
91bb8b5dbb,0.2961474365258308,3
3662fffe30,0.5451426330751887,6
6ee755c67d,0.0,0
b5893fc541,0.21860601901774332,3
62715133c5,0.9784334869130478,10
5e98f349f3,0.0,0
5e09ef27a6,0.8178609940201941,9
85670a7093,0.0073522203705519065,1
f30c36bf6b,0.0,0
67a8e23baa,0.13204587785511224,2
fb903c3b68,0.043231055778845215,1
b85046c5c1,0.0,0
994af8ec2a,0.0,0
ff532274cd,0.992059601999804,10
a8d50a4a97,0.0,0
3685aa0e78,0.5974904421135183,6
a14d2ea3b1,0.0,0
a2bce9d94a,0.17419860797960984,2
6ac91c75fc,0.034016272914420165,1
69ee613976,0.02411528281541025,1
d67dd7da95,0.0,0
fa56377e58,0.07116949318694246,1
dc534f1e28,0.0,0
a9ab1afe01,0.4227036565042643,5
45f31c81d4,0.0,0
5fd8ed2395,0.0,0
fccf774196,0.06626801293990785,1
59b1bac5d5,0.0,0
55a49950a0,0.15684736790510734,2
4eccb0cb9d,0.0,0
09e29fbb74,0.0,0
ad93d35798,0.0,0
fb17f161d1,0.964317223801588,10
f2f67e14a6,0.0,0
31aaa04c63,0.0,0
0a18b314fc,0.0,0
1c6237ae58,0.9068718753063424,10
d21e3d7843,0.8746201352808548,9
492383a53b,0.0,0
1fec8e839a,0.15165179884325067,2
01b5362cce,0.8822664444662288,9
7547289453,0.08018821684148612,1
aba57f0f2c,0.03989804921086168,1
20a0f53112,0.0,0
25e4b6fd77,0.028232526222919326,1
ea1270a8b2,0.8285462209587295,9
276807c93b,0.6376825801392021,7
d3034e7a60,0.011469463778060974,1
2388b3eb40,0.2841878247230664,3
bbb762835a,0.8153122242917361,9
77c695369e,0.04293696696402313,1
93b8ec180f,0.7250269581413586,8
d71e91efc0,0.030683266346436627,1
2f00b33427,0.008528575629840211,1
9cb42834b3,0.7293402607587491,8
eb3a40225e,0.0,0
92d116836e,0.0,0
cc70a60681,0.11018527595333792,2
b92b11b3a4,0.0,0
6994342067,0.9689246152338006,10
aa791ce59a,0.0066660131359670615,1
6138f82415,0.7613959415743554,8
b890b261a0,0.20145083815312226,3
de091953f9,0.0,0
1a67b08604,0.26203313400646994,3
fcce81906d,0.03578080580335261,1
762c7d7084,0.031663562395843545,1
b202b6b3d4,0.18664836780707772,2
5f1aa014c5,0.0,0
418b7878a8,0.0,0
08c2070b20,0.1313596706205274,2
423ae1a09c,0.0,0
8718d851c6,0.982746789530438,10
174b478747,0.34996568963827074,4
253eb71c3d,0.8459954906381727,9
b06fe13f54,0.0,0
ed46821aa5,0.0,0
5306b708be,0.0,0
a98ab1c549,0.15331830212724246,2
2a5805ad13,0.03548671698853054,1
821e0217f0,0.020390157827663957,1
ebdbbb52b5,0.0,0
7709ec3c5d,0.0,0
57904adf94,0.2613469267718851,3
cced2adf43,0.6727771787079698,7
b7ec14f5e4,0.2122340946965984,3
30badffdd5,0.8604058425644545,9
6ed0ef14db,0.13469267718851094,2
849f39dcbe,0.0,0
a58d3b12bc,0.0,0
31683f8a18,0.07293402607587493,1
05a61e5799,0.5286736594451524,6
93c7358e41,0.0272522301735124,1
2e7921981a,0.4583864327026762,5
ef13247eed,0.9999019703950592,10
10833853b3,0.0,0
48bb098115,0.0,0
1f1cc6b3a4,0.0,0
c82ae5f941,0.0,0
5a7a933a05,0.0,0
974f5b6876,0.03568277619841192,1
4ee4b3485e,0.0,0
498d327724,0.0,0
5155ad847f,0.0,0
5e350fa662,0.10802862464464268,2
0dcf4a11a6,0.027448289383393783,1
b9bb1b7b3f,0.0,0
e8b730fe92,0.04528967748259975,1
08bafa2eee,0.0,0
30bb4cd749,0.0,0
9126bbe228,0.4869130477404176,5
ec61b48efb,0.4461327320850897,5
2f8b36c386,0.0,0
0841984941,0.0,0
d145884178,0.9707871777276738,10
8a2dc90df5,0.0,0
325cde4fa9,0.5983727085579845,6
9f4001d8ea,0.0916576806195471,1
a826a7a9a4,0.0,0
4bb8260218,0.2207626703264386,3
444c32935c,0.4681893931967454,5
9c4468a160,0.0,0
eb38db5443,0.05558278600137241,1
1b9865501f,0.0,0
6010b9b84d,0.2716400352906578,3
31a4341eb6,0.5506322909518675,6
6576184a08,0.1253798647191452,2
518ee8cf52,0.03989804921086168,1
6682af0131,0.0,0
ec9ba7900d,0.3188903048720714,4
13f3daf89f,0.06616998333496718,1
a3ad1422f5,0.0,0
36f332bd11,0.6118027644348594,7
a4fb7072d6,0.10871483187922752,2
68bad6a787,0.0,0
c32752c00f,0.3878051171453779,4
c0b6fafc47,0.0,0
4285c2ffe8,0.0,0
41e2137184,0.08861876286638565,1
1a7f8bd454,0.0,0
bbb5279a06,0.8710910695029899,9
25db231ea0,0.40103911381237134,5
b28690f7ad,0.5228899127536516,6
3bf70b71cd,0.6517008136457211,7
7f0ee9c30a,0.9802960494069208,10
2821f70a5a,0.0,0
e7f0e30585,0.0,0
690281a93d,0.232722282129203,3
884400b2e8,0.0,0
9b585a2ea0,0.5856288599156946,6
a7a87180a3,0.0,0
54cb8bdbe2,0.11185177923732967,2
cb7cd324a5,0.0,0
3df62de11d,0.3051661601803745,4
e0c136dc8e,0.0,0
ebc46e6691,0.0,0
6eeeda7f4a,0.9958827565924908,10
db819c45e5,0.26977747279678466,3
ac460261f4,0.0,0
fa752c35ca,0.9915694539751004,10
109bccf6c6,0.0,0
9bf8a38b92,0.0433290853837859,1
9c3383eb85,0.0,0
f2d668f7e7,0.0,0
cbd42ee63f,0.0,0
f2fcceee25,0.4439760807763944,5
0ab5e14937,0.0,0
4d2ede6b7a,0.4580923438878541,5
853e89d0d3,0.4902460543084011,5
54e2419450,0.6080776394471129,7
341f6694f1,0.04009410842074306,1
11518835a4,0.9154004509361828,10
5423d6049c,0.31271443976080776,4
e7c55756c7,0.0,0
33159fbb9b,0.3456523870208803,4
9f97b2925e,0.05156357219880404,1
d1857e0577,0.989510832271346,10
cb68c2431a,0.0,0
a66c03c236,0.09253994706401332,1
cbad345488,0.1770414665228899,2
fd257af5d2,0.0,0
8ad8b9b163,0.0,0
c74ef130f0,0.10165670032349768,2
7616ee06bd,0.0,0
b2fbaf80d5,0.0,0
9befc65890,0.38937359082442896,4
d06f237a79,0.0,0
cfb8e5c36e,0.7615920007842368,8
c23090da64,0.07214978923634938,1
8f16b2685d,0.8317811979217724,9
d90473fc86,0.7088520733261445,8
23cdfc53fe,0.4037839427507107,5
098c5f3e75,0.979021664542692,10
82c316179b,0.4906381727281639,5
f6009f764c,0.4631898833447701,5
e51e614146,0.12979119694147634,2
390355fd73,0.0,0
fd423b9cbf,0.3984903440839133,4
66ced55b7d,0.7366924811293011,8
664e3eb07f,0.0,0
76ba896225,0.0,0
53485dc0d9,0.4634839721595922,5
2b77f82b42,0.0,0
60b3d0d613,0.0,0
17c5d2464c,0.5779825507303206,6
0be923c49b,0.0,0
7c2609c66c,0.0,0
3b5c0e9308,0.0039211841976276845,1
937ea43a65,0.8412900696010195,9
a5375b180b,0.0,0
7568a9474e,0.02097833545730811,1
c1c6a1ebad,0.0,0
6348c487a4,0.0,0
886dc2e534,0.07842368395255367,1
e799fcac15,0.17380648955984707,2
ed20d93bfd,0.0880305852367415,1
415eb5b72c,0.022546809136359185,1
4d9b845652,0.0,0
c1190c9c37,0.24105479854916184,3
e10a1a3e81,0.0,0
46bec86213,0.6106264091755711,7
b2d02516e1,0.0,0
e2d3957c95,0.8012939907852171,9
894b5b40af,0.0,0
3ce657b8f7,0.5602391922360553,6
d62ad254c6,0.6154298598176651,7
89165071a4,0.37447309087344377,4
2010b17cf6,0.0,0
f20521b7f5,0.3952553671208705,4
c8ce151a18,0.3746691500833252,4
000e218f21,0.0,0
4986fb6755,0.0,0
c100d07aa9,0.0,0
d9d7716b7a,0.0,0
fc8f0668fb,0.6373884913243799,7
0fc5ad7e3b,0.8656994412312519,9
f5b2861c9b,0.4144691696892461,5
39a5b5f33a,0.0,0
a042e73fee,0.3952553671208705,4
a3de137406,0.4192726203313401,5
f625984494,0.0,0
5677f991b7,0.9984315263209488,10
c00c4b8814,0.3494755416135673,4
65fe1a0efc,0.0,0
2886e27fb6,0.4709342221350848,5
fdff017e77,0.01499852955592589,1
1401f04c4b,0.006371924321144986,1
455c8febce,0.9367709048132536,10
76d080ed6f,0.36790510734241744,4
ec88937127,0.0,0
6d8a8e2e6d,0.13753553573179098,2
4b019a8354,0.0,0
f1b1f57aee,0.29154004509361825,3
5bf5d82829,0.5764140770512695,6
0ce329b5f9,0.0,0
cabe5c94b2,0.8099205960199979,9
d7f7a9f48a,0.478188412900696,5
0f9977b1dd,0.0,0
362cec7849,0.5043623174198608,6
106e4043ba,0.5114204489755906,6
3004f41177,0.6778747181648858,7
9458b40464,0.0,0
43001d32e7,0.5587687481619449,6
a8ef242dfd,0.023625134790706798,1
a5299290bb,0.4174100578374669,5
923473085f,0.2688952063523184,3
a21ae8cb6b,0.5025977845309283,6
595deae139,0.0,0
ca0d3ea2f5,0.9248112930104893,10
a10b932fb3,0.11420448975590627,2
acb95dd7c9,0.0,0
b51eed936a,0.0,0
67db09fda5,0.1361631212626213,2
1f3299c2ba,0.04979903930987158,1
5081bad441,0.3255563180080384,4
8f1d6045fb,0.0,0
f9fc7746fb,0.0,0
d73e3ccdec,0.0,0
3d99801810,0.7232624252524262,8
7205efa791,0.0,0
cf1ffe14e0,0.02960494069208901,1
a659530342,0.524654445642584,6
b6604d4bd6,0.7502205666111166,8
c9ff0d072b,0.0,0
288c4c1941,0.0,0
76b4df03dd,0.9956866973826096,10
63d3cf63be,0.4915204391726301,5
0fb7b2772a,0.2670326438584453,3
790f497dc8,0.14273110479364767,2
4ad8a63538,0.030487207136555238,1
f2259e86f4,0.0,0
770af4e501,0.9044211351828252,10
4b72e35b8b,0.4182923242819331,5
58d177c0d0,0.6420939123615332,7
a50ac7d1e2,0.5851387118909911,6
963189b39c,0.4800509753945692,5
728917ca07,0.9547103225174004,10
2425501bf4,0.0,0
1cb4733828,0.8281541025389668,9
b964244dfd,0.6492500735222037,7
badb3ea766,0.0,0
92a20ccbe2,0.0,0
e360f895de,0.0,0
5c297b5dcd,0.0,0
d7e6e1323a,0.4289775512204686,5
501c68e571,0.0,0
1019e6ed47,0.0,0
768d5f7ade,0.0,0
fbf64b5ea0,0.14096657190471526,2
cb6c6c15ce,0.0,0
3531c9193f,0.1895892559552985,2
939c88a964,0.4668169787275757,5
4e51caa68e,0.0,0
e5b47aa145,0.0,0
abe74273c8,0.13449661797862955,2
7b4ccb8113,0.882854622095873,9
d7506a6a38,0.4901480247034605,5
6092afaec7,0.0,0
6edb010212,0.024801490049995097,1
114daa1bed,0.36319968630526417,4
029c321179,0.10293108518772667,2
581e7f38d7,0.6191549848054112,7
8343ad9ed8,0.4489755906283698,5
3a068284ed,0.9208901088128616,10
cc97e87765,0.5527889422605627,6
6040cbf086,0.0,0
a1e3e1af04,0.0,0
9874f75819,0.16008234486815018,2
a32b0d0cd7,0.3493775120086266,4
5fa87fc4cd,0.0,0
495e5d8dc0,0.9798059013822176,10
6e72c79c29,0.9958827565924908,10
f21593cfa8,0.0,0
65408225fc,0.0,0
9b9c107a62,0.2587981570434271,3
4ed12ec89a,0.7034604450544064,8
0b7459a0af,0.0,0
5c28eec331,0.3977061072443878,4
4f30a97219,0.0,0
a7a124fff5,0.980590138221743,10
28ca5ff16f,0.14194686795412215,2
def16cd3d7,0.0,0
65cb9cbc05,0.01499852955592589,1
6caec01e67,0.015194588765807275,1
5edca1bb89,0.9995098519752964,10
3dc8ca137c,0.0,0
03be56aa9a,0.0,0
ae51614513,0.9998039407901186,10
b393a57640,0.5087736496421921,6
0f613bd191,0.04430938143319282,1
f3fb95295e,0.0,0
c33df3d7ad,0.8202137045387707,9
edea91429d,0.2751691010685227,3
a12cbb17e5,0.13175178904029014,2
89dba191b1,0.6656210175472993,7
a4d621da2d,0.0,0
8f7b7b9980,0.05509263797666896,1
d9d06aa699,0.0,0
dd87f1a21f,0.6414077051269483,7
6c5b8b3950,0.0,0
0df53ae04c,0.1585138711890991,2
1075fa3200,0.13900597980590138,2
83c0564224,0.0,0
6b2f7ba83d,0.0,0
9f07d6a050,0.0,0
44ac5b2526,0.04029016763062445,1
a9fd8e2a06,0.0,0
d69556b746,0.0,0
42b9ff31aa,0.2861484168218802,3
f0190fc4b4,0.0,0
ac7df612ff,0.2105675914126066,3
d97f94a2dd,0.3953533967258112,4
ae96972c1a,0.0,0
2d8a3a262b,0.0,0
45a1f78171,0.0,0
88a4200cec,0.04234878933437898,1
5fe333fd26,0.8934418194294677,9
fcf61d1883,0.0,0
fefe01ac32,0.0,0
1cb9549d2c,0.0,0
2f917b1124,0.010881286148416823,1
115ee54da8,0.0,0
a91212b01e,0.0,0
df344e0599,0.3613371238113911,4
b96ef7e302,0.0,0
5d4dcb9d8b,0.0,0
3cd4d01b7d,0.7470836192530144,8
72c2499de9,0.0,0
8c232a1cf8,0.4583864327026762,5
ad5454050e,0.1549848054112342,2
71f6fcb48a,0.1459660817566905,2
c33faa5d81,0.0,0
29ea4f92c3,0.1449857857072836,2
f8921580bb,0.8690324477992354,9
f288e998f5,0.6457210077443388,7
707f14c59a,0.6092539947064013,7
404b62a4d5,0.0,0
0f762f2746,0.03793745711204784,1
0ece337a15,0.13057543378100187,2
b71915a0fe,0.026566022938927555,1
92c91d1494,0.4466228801097932,5
d46c133c20,0.0,0
537f18bd97,0.4723066366042545,5
db5bf853fc,0.0,0
3dc4b77bb5,0.0,0
8023f35b58,0.09097147338496224,1
1986fcadda,0.0,0
37251064bd,0.0,0
c026a17632,0.11185177923732967,2
ab72556c51,0.0,0
a90545f377,0.0,0
c5327d784b,0.2965395549455936,3
b448f0fae6,0.98441329281443,10
041925f04c,0.5149495147534555,6
3ad9500e43,0.0,0
b6aa5c7ab4,0.6460150965591609,7
168f625d62,0.3062444858347221,4
316074fdc4,0.0,0
dcbb6474ee,0.18125673953533966,2
99f52af0ea,0.0,0
40fbc03558,0.5621017547299284,6
a19dbb48cd,0.0,0
1d9bc2591e,0.6174884815214194,7
053a6f6704,0.0,0
7e5a6e5013,0.0,0
75c7d3b5a8,0.0,0
0f9beb1453,0.9246152338006078,10
24b40af38f,0.0,0
f37556e4da,0.0,0
2d7a83381c,0.0,0
893bd55371,0.0,0
cba568b15f,0.08606999313792765,1
c5745e04ff,0.464170179394177,5
7410f440bb,0.0,0
17972a6517,0.0,0
fbd61072f4,0.0,0
bd2a0b256c,0.0,0
36bc8044f8,0.09891187138515832,1
a2da67afff,0.7657092441917459,8
d583d291ea,0.0,0
9693c84080,0.08636408195274974,1
b6bca345bb,0.5293598666797373,6
0050766ae2,0.0,0
ac1ea6faa4,0.8170767571806685,9
2bce09096c,0.0,0
9c30bb0a5f,0.0,0
8d08955cdf,0.09626507205175963,1
1a72cc3d3e,0.20625428879521612,3
ccfb270edb,0.03234976963042839,1
b8b3f26ad4,0.0,0
4ee5d2c629,0.8752083129104989,9
d752eaa82a,0.0,0
553733b17b,0.19978433486913047,2
debe560cfb,0.014508381531222431,1
fbf380831b,0.5480835212234094,6
f0d15c63c5,0.0,0
99bc5efa33,0.0,0
d6e2bb1586,0.1608665817076757,2
9031ddc924,0.07509067738457012,1
da0f021c5b,0.20841094010391134,3
f59821d067,0.5516125870012744,6
2bd913a165,0.8801097931575336,9
f52c144f24,0.08244289775512205,1
8201005b79,0.6369963729046172,7
54842b574a,0.9881384178021764,10
0829b44678,0.4621115576904225,5
a4e5b9902b,0.5129889226546417,6
870be46a42,0.27105185766101364,3
f4feed1635,0.5110283305558279,6
9aa65d393a,0.0,0
3d6d400816,0.0,0
759b3aaa22,0.0,0
25bd98aec3,0.0298009999019704,1
730eee262c,0.2332124301539065,3
bc3f2b82ec,0.0,0
135ae076e9,0.0,0
ebacf0e713,0.0,0
d6cba9f9de,0.4222135084795609,5
e642037975,0.0,0
e3b1b48b5a,0.0,0
c571804a93,0.95186746397412,10
4e3ccf37ee,0.6665032839917655,7
b5b767492b,0.9622586020978336,10
4b9b8c2e44,0.9103029114792668,10
ce06c157c1,0.15635721988040388,2
7e67ef84e1,0.0,0
923249032c,0.10097049308891286,2
ae2ef70d51,0.11675325948436427,2
37ba215c62,0.0,0
729c382e20,0.03283991765513185,1
6edba13f1b,0.5193608469757867,6
f7933b266c,0.0,0
d9e45a7fab,0.15723948632487011,2
7a2eebff84,0.14939711792961474,2
1277f1a611,0.0,0
8f39d964c3,0.13577100284285853,2
1739b1634d,0.38427605136751297,4
fb81781b44,0.1759631408685423,2
93f7759d52,0.9251053818253112,10
57ff97666d,0.0,0
fcf5137a10,0.0,0
f2c869e655,0.0,0
18d013fced,0.69689246152338,7
e099e54eee,0.27046368003136945,3
27ec51c877,0.0,0
62de954435,0.0,0
a4c734f1a8,0.7493383001666504,8
429bf7c665,0.01813547691402804,1
174ebb49df,0.36241544946573867,4
82adfbc0f1,0.0,0
a94450f57e,0.7987452210567592,8
a988661613,0.0,0
3ee4de57f8,0.0,0
e4c8dc59fa,0.0,0
d21012f5c1,0.8299186354278992,9
da94055b53,0.0,0
d47c78058a,0.4449563768258014,5
a72f220de9,0.6909126556219979,7
d3c8980685,0.0,0
fe11d93a24,0.0,0
748f8f4106,0.132437996274875,2
a913c2fc19,0.969708852073326,10
8ca267be2b,0.0,0
a87eb66a65,0.0893049701009705,1
5448c46aac,0.5111263601607685,6
c9a1fd48f6,0.48073718262915405,5
0cf7155eb6,0.0,0
df8caa8bdf,0.3432996765023037,4
6fc88fcbed,0.9602980099990196,10
930c8dd0e4,0.0,0
527c3abd5f,0.4722086069993138,5
465f93cd9c,0.0,0
b8f76a8e5f,0.0,0
06523f9719,0.0,0
bb63bcb48a,0.12126262131163612,2
c4ed7cdb1c,0.6276835604352514,7
f2598805e6,0.18233506518968728,2
26382e2d1f,0.03568277619841192,1
51423622fd,0.0,0
a317a82463,0.0,0
7576015468,0.01313596706205274,1
9b656c339a,0.0,0
7b596fc561,0.4842662484070189,5
800daf6ac1,0.5798451132241937,6
f7e855fc40,0.0,0
74f00bb214,0.2739927458092344,3
023d486fba,0.0,0
1623de321c,0.0,0
f3ee165cd0,0.5551416527791393,6
c2485cb6c3,0.5404372120380355,6
0c600207b1,0.2507597294382904,3
9efedb3b86,0.0,0
f30e47cb36,0.0,0
3c2f5ba174,0.9797078717772768,10
2bfa664017,0.16763062444858348,2
c4b4099179,0.25213214390745997,3
d0e8c9833f,0.8746201352808548,9
7af5b00299,0.5060288207038526,6
9ea0525027,0.281442995784727,3
9053aa6508,0.9967650230369572,10
755c1e849f,0.0,0
e0d98e6fde,0.0,0
894b9ae774,0.9771591020488188,10
f57cb32d6d,0.0,0
60638605b1,0.0,0
86f892ad2f,0.0,0
9f2e5a8c24,0.09950004901480247,1
e6caf5eb81,0.1128320752867366,2
94e7558e32,0.2986962062542888,3
762f01c185,0.0,0
85c191c52c,0.0,0
fd63516ff4,0.5625919027546319,6
96aeb8d018,0.6553279090285267,7
2f2e86de0b,0.015684736790510734,1
589e94265a,0.0,0
8116fa64d4,0.02636996372904617,1
9472731dfd,0.0,0
11bfb46a23,0.0,0
7ec839af45,0.0,0
66cd349922,0.4471130281344966,5
570d1da727,0.0,0
f9d8f014c2,0.0,0
92d9025a37,0.9026566022938928,10
f9d03271d6,0.2381139104009411,3
370763b8a9,0.0,0
6d93c0a95e,0.0,0
3cd0ce6e18,0.2658562885991569,3
76ecdc5896,0.0,0
a4ae0c0e35,0.0,0
c6648ea2ca,0.9262817370845996,10
9146f2afd1,0.2675227918831487,3
8db0a68a4c,0.0384276051367513,1
078f36a006,0.0,0
38ec59117e,0.0,0
6d69267940,0.0,0
7bfd026d91,0.7937457112047839,8
58d62862fa,0.0,0
e27400528c,0.38564846583668266,4
05c33e6854,0.7021860601901775,8
c8404c2d4f,0.0,0
776d123d8d,0.9616704244681894,10
e44dcaeb74,0.0632290951867464,1
6dba47cc58,0.362317419860798,4
9b80cf8992,0.3915302421331242,4
6db821bf5f,0.0,0
d268ae57b5,0.01744926967944319,1
a7b1f4bae1,0.15567101264581906,2
875b087f1c,0.0,0
8919be1266,0.9991177335555338,10
ce16b0d0bc,0.8873639839231448,9
f28b483859,0.040584256445446526,1
b9a7c521ac,0.28036467013037936,3
c749d05181,0.0,0
a5833d6cc4,0.0,0
cd2046479c,0.035290657778649155,1
ca84b9e8d4,0.0,0
8b5757d8ee,0.0,0
37aa9fc79a,0.0,0
84e305da04,0.7798255073032055,8
4ac19fb269,0.38564846583668266,4
ec5db065d9,0.8110969512792864,9
3320eb35e4,0.0,0
911f05128d,0.0,0
c42d63b0e6,0.3180080384276051,4
9fe707f837,0.128614841682188,2
9492db510d,0.0,0
6545c6235b,0.0,0
d4acb30303,0.7031663562395843,8
3e87545802,0.1648857955102441,2
1d0a131f99,0.0,0
ab82b9e44e,0.3605528869718655,4
186edd93a3,0.0,0
99405de5c5,0.0,0
b42ffc97d4,0.0,0
dae1555fbf,0.8672679149103029,9
0822e176b2,0.0,0
9f4471dcd6,0.0,0
2f493f72ff,0.4492696794431919,5
96cc5caec0,0.90226448387413,10
5ee2d40bbb,0.04646603274188805,1
459396b418,0.0,0
b8ee1d8dbd,0.9127536516027841,10
66cf41c563,0.8162925203411431,9
1f9dcb9a1f,0.0,0
1dbc694c5d,0.7194392706597392,8
c352f6069b,0.0,0
b76760a4a1,0.9434369179492208,10
db9bb00470,0.10067640427409076,2
1724889841,0.9993137927654152,10
e101b9a0ec,0.9098127634545632,10
5108785aaf,0.5789628467797274,6
34f61e9a54,0.0,0
bb1743a571,0.0,0
dcca0c8297,0.1189099107930595,2
146ec37657,0.26487599254975003,3
423800be38,0.16949318694245666,2
f85a85710a,0.0,0
0f19680b4d,0.601411626311146,7
56ab4fae30,0.0,0
84242f42bc,0.0,0
abbfb56731,0.2462503676110185,3
feb90d8376,0.03480050975394569,1
b2958f2747,0.10332320360748946,2
9c6f8e4676,0.0,0
963210b127,0.5869032447799235,6
aeb36c1964,0.4223115380845015,5
499560e566,0.0,0
547c9d83fd,0.08234486815018137,1
d30ad7d936,0.3375159298108029,4
b6ebc3831e,0.331732183119302,4
29beb70925,0.9032447799235368,10
7134e4acac,0.8283501617488481,9
d4033ae7f2,0.0,0
077cb8696f,0.0,0
c7a92a6707,0.0,0
1d2cd614be,0.0,0
39dd1c43bd,0.0,0
62e72fe39a,0.0,0
dd11ae96e3,0.6804234878933438,7
3072ae3119,0.4076070973433977,5
23e1bb3ee8,0.017057151259680426,1
2b1e71c2a3,0.2233114400548966,3
a4932322ce,0.6350357808058034,7
d5afcea9a2,0.05175963140868543,1
361d5e6834,0.030193118321733162,1
0deadce8f1,0.3573179100088227,4
9539d280a6,0.845897461033232,9
0f02cec809,0.884129006960102,9
30491b379f,0.08744240760709734,1
1f50bc7a9f,0.0,0
a2a012f128,0.6600333300656799,7
3480629331,0.0,0
5d07e84138,0.10038231545926868,2
de261976e6,0.3399666699343202,4
4f02bab289,0.830604842662484,9
6957579961,0.9792177237525732,10
2444e83809,0.9194196647387513,10
46c1a0e9a3,0.0,0
b240582de8,0.6121948828546221,7
eb23ddad08,0.6637584550534261,7
2101c21f75,0.7201254778943241,8
7ec803b58a,0.5697480639153024,6
7e26f45eb9,0.0,0
22fdf96a54,0.2797764925007352,3
c0cbdabcc3,0.3862366434663269,4
e2810cc777,0.7241446916968924,8
ba045610d1,0.2660523478090383,3
97adf32d4d,0.4020194098617783,5
a5d188bbd7,0.2319380452896775,3
5c0cde01b7,0.06911087148318792,1
230226a446,0.0,0
a149b73993,0.0,0
1e5e713964,0.04685815116165082,1
dca3f5ce34,0.0,0
289af097b0,0.507793353592785,6
67d3486ac8,0.37741397902166457,4
9ccf9ff1c3,0.0,0
32887c2719,0.8450151945887658,9
a8e4e6ddec,0.0,0
c09f4e95e8,0.1785119105970003,2
4319885cf1,0.0,0
6558dcde17,0.0,0
b91a91adc5,0.02735025977845309,1
d14ad5cb55,0.0,0
97a653e83c,0.4961278306048426,5
a3e89a273d,0.2910498970689148,3
843f9892ef,0.3785903342809528,4
accb644c9e,0.7042446818939321,8
7d87ab4aa8,0.0,0
f7d4d6fb0d,0.0,0
0eb52aa52a,0.5110283305558279,6
ce9c3510a8,0.0,0
4776354474,0.3884913243799628,4
25d24d4554,0.0,0
086deb3ccb,0.0,0
e4d2bf6036,0.0,0
08640ede7a,0.624938731496912,7
4f105993c5,0.6969904911283208,7
9dde6475f9,0.31418488383491816,4
e185ab5dc1,0.4817174786785609,5
38063f77a8,0.01686109204979904,1
938d11586e,0.0,0
73f58ba609,0.0,0
429b289e07,0.8909910793059505,9
a653a50dc4,0.0,0
5a02df7676,0.8891285168120773,9
6760543d8f,0.0,0
e9ce8188b9,0.18027644348593275,2
a959b2372a,0.0,0
ef406bff03,0.0,0
8c916f9cb5,0.7255171061660621,8
81c77c1b6c,0.4693657484560338,5
7c99d1c1eb,0.0,0
fd9db12ca0,0.0,0
a6ba9b9f91,0.0928340358788354,1
83967f4314,0.19929418684442698,2
03a9a9f615,0.18870698951083228,2
2b39f9a88f,0.0,0
01c2045d03,0.0,0
557feaaf65,0.0,0
7ec97427ca,0.0,0
1751290ca2,0.7748259974512303,8
396ae389d8,0.0,0
3c66e5ab54,0.0,0
af171a3570,0.314871091069503,4
be2dd1db16,0.0,0
a562619124,0.6781688069797078,7
d0eb51a04f,0.06754239780413683,1
70c92bc80f,0.0,0
6dc7a51dd9,0.0,0
fbc98aedc0,0.07734535829820606,1
9b450671aa,0.0,0
9511856b03,0.7349279482403686,8
0108518d1e,0.6314086854229978,7
c78996aa02,0.11910597000294088,2
f7e8060b57,0.6229781393980982,7
05b69f83bf,0.0,0
4c43d99f68,0.019605920988138417,1
93196366e1,0.016272914420154886,1
16207869ba,0.6564062346828742,7
44d745a704,0.29781393980982257,3
711c478c93,0.0,0
84e23dba29,0.20017645328889325,3
e73532b450,0.0,0
8329ec9395,0.7966865993530046,8
7e7276d088,0.736398392314479,8
1d80de2ec9,0.0,0
5cada3d3f1,0.0,0
0530b67189,0.5660229389275562,6
fb44090bc7,0.0,0
3c1ed5cc1f,0.0,0
158765ed16,0.9776492500735222,10
3ff3881428,0.0,0
e8d8b35601,0.4945593569257916,5
a7cfa30d35,0.14508381531222428,2
917ef84e64,0.0,0
633c7d5c80,0.0,0
30082e87d9,0.05470051955690618,1
f139be21a4,0.0,0
cb36193e2f,0.9080482305656308,10
9cbd5ddba4,0.0,0
caa039b231,0.3769238309969611,4
1306fcee4c,0.0,0
48d81e93d9,0.4827958043329085,5
edf1e6ac00,0.0,0
